,Pathway_name,0,1,2,3,4,5,6,7,8,9,10,11,12,13,14,15,16,17,18,19,20,21,22,23,24,25,26,27,28,29,30,31,32,33,34,35,36,37,38,39,40,41,42,43,44,45,46,47,48,49,50,51,52,53,54,55,56,57,58,59,60,61,62,63,64,65,66,67,68,69,70,71,72,73,74,75,76,77,78,79,80,81,82,83,84,85,86,87,88,89,90,91,92,93,94,95,96,97,98,99,100,101,102,103,104,105,106,107,108,109,110,111,112,113,114,115,116,117,118,119,120,121,122,123,124,125,126,127,128,129,130,131,132,133,134,135,136,137,138,139,140,141,142,143,144,145,146,147,148,149,150,151,152,153,154,155,156,157,158,159,160,161,162,163,164,165,166,167,168,169,170,171,172,173,174,175,176,177,178,179,180,181,182,183,184,185,186,187,188,189,190,191,192,193,194,195,196,197,198,199,200,201,202,203,204,205,206,207,208,209,210,211,212,213,214,215,216,217,218,219,220,221,222,223,224,225,226,227,228,229,230,231,232,233,234,235,236,237,238,239,240,241,242,243,244,245,246,247,248,249,250,251,252,253,254,255,256,257,258,259,260,261,262,263,264,265,266,267,268,269,270,271,272,273,274,275,276,277,278,279,280,281,282,283,284,285,286,287,288,289,290,291,292,293,294,295,296,297,298,299,300,301,302,303,304,305,306,307,308,309,310,311,312,313,314,315,316,317,318,319,320,321,322,323,324,325,326,327,328,329,330,331,332
eco00010,Glycolysis / Gluconeogenesis - Escherichia coli K-12 MG1655,C00033,C00031,C00103,C00631,C00267,C00221,C00111,C01172,C00668,C05345,C00074,C00197,C00236,C00186,C15972,C00469,C00022,C05125,C00024,C00084,C16255,C15973,C05378,C06186,C06187,C06188,C01451,C00036,C01159,C00118,C00068,,,,,,,,,,,,,,,,,,,,,,,,,,,,,,,,,,,,,,,,,,,,,,,,,,,,,,,,,,,,,,,,,,,,,,,,,,,,,,,,,,,,,,,,,,,,,,,,,,,,,,,,,,,,,,,,,,,,,,,,,,,,,,,,,,,,,,,,,,,,,,,,,,,,,,,,,,,,,,,,,,,,,,,,,,,,,,,,,,,,,,,,,,,,,,,,,,,,,,,,,,,,,,,,,,,,,,,,,,,,,,,,,,,,,,,,,,,,,,,,,,,,,,,,,,,,,,,,,,,,,,,,,,,,,,,,,,,,,,,,,,,,,,,,,,,,,,,,,,,,,,
eco00020,Citrate cycle (TCA cycle) - Escherichia coli K-12 MG1655,C00022,C00122,C00036,C05379,C00024,C00149,C00311,C00417,C00042,C00158,C15972,C00068,C16254,C15973,C00091,C00026,C05381,C05125,C00068,C15972,C16255,C15973,C00074,,,,,,,,,,,,,,,,,,,,,,,,,,,,,,,,,,,,,,,,,,,,,,,,,,,,,,,,,,,,,,,,,,,,,,,,,,,,,,,,,,,,,,,,,,,,,,,,,,,,,,,,,,,,,,,,,,,,,,,,,,,,,,,,,,,,,,,,,,,,,,,,,,,,,,,,,,,,,,,,,,,,,,,,,,,,,,,,,,,,,,,,,,,,,,,,,,,,,,,,,,,,,,,,,,,,,,,,,,,,,,,,,,,,,,,,,,,,,,,,,,,,,,,,,,,,,,,,,,,,,,,,,,,,,,,,,,,,,,,,,,,,,,,,,,,,,,,,,,,,,,,,,,,,,,
eco00030,Pentose phosphate pathway - Escherichia coli K-12 MG1655,C01151,C00668,C00118,C00022,C00257,C00198,C00031,C00221,C00345,C00204,C03752,C04442,C00117,C00119,C00620,C00121,C00279,C01218,C05382,C01801,C00673,C00118,C05378,C01172,C01236,C06473,C05345,C00672,C00577,C00258,C00631,C00231,C00231,C00199,C06019,C20589,C03752,C00197,,,,,,,,,,,,,,,,,,,,,,,,,,,,,,,,,,,,,,,,,,,,,,,,,,,,,,,,,,,,,,,,,,,,,,,,,,,,,,,,,,,,,,,,,,,,,,,,,,,,,,,,,,,,,,,,,,,,,,,,,,,,,,,,,,,,,,,,,,,,,,,,,,,,,,,,,,,,,,,,,,,,,,,,,,,,,,,,,,,,,,,,,,,,,,,,,,,,,,,,,,,,,,,,,,,,,,,,,,,,,,,,,,,,,,,,,,,,,,,,,,,,,,,,,,,,,,,,,,,,,,,,,,,,,,,,,,,,,,,,,,,,,,,,,,,,,,,
eco00040,Pentose and glucuronate interconversions - Escherichia coli K-12 MG1655,C14899,C03033,C00817,C00103,C00905,C00514,C00558,C00800,C05385,C00167,C00029,C00312,C02266,C00379,C00181,C01068,C00789,C00022,C03826,C00502,C00309,C00474,C00231,C00310,C00199,C00476,C00508,C00532,C03291,C01508,C01101,C00259,C01904,C00618,C00714,C00470,C02273,C06118,C04053,C04349,C05411,C04575,C05412,C06441,C00266,C00111,C00204,C00116,C00333,C15930,C20680,C02426,C00191,C00433,C00026,C02753,,,,,,,,,,,,,,,,,,,,,,,,,,,,,,,,,,,,,,,,,,,,,,,,,,,,,,,,,,,,,,,,,,,,,,,,,,,,,,,,,,,,,,,,,,,,,,,,,,,,,,,,,,,,,,,,,,,,,,,,,,,,,,,,,,,,,,,,,,,,,,,,,,,,,,,,,,,,,,,,,,,,,,,,,,,,,,,,,,,,,,,,,,,,,,,,,,,,,,,,,,,,,,,,,,,,,,,,,,,,,,,,,,,,,,,,,,,,,,,,,,,,,,,,,,,,,,,,,,,,,,,,,,,,,,,,,,,,,
eco00051,Fructose and mannose metabolism - Escherichia coli K-12 MG1655,C00247,C00267,C01094,C00159,C00275,C00392,C00644,C03267,C00665,C00794,C00464,C02492,C01096,C00325,C01768,C00577,C00507,C00861,C01131,C02431,C01934,C03979,C00118,C00096,C05345,C00976,C01222,C02985,C05392,C02977,C03117,C00095,C00794,C00636,C05378,C02991,C01355,C01019,C00111,C01099,C01721,C06192,C02888,C00247,C18096,C02962,C01487,C18028,C01720,C03827,C20781,C00424,C00186,C11544,C11516,C05144,,,,,,,,,,,,,,,,,,,,,,,,,,,,,,,,,,,,,,,,,,,,,,,,,,,,,,,,,,,,,,,,,,,,,,,,,,,,,,,,,,,,,,,,,,,,,,,,,,,,,,,,,,,,,,,,,,,,,,,,,,,,,,,,,,,,,,,,,,,,,,,,,,,,,,,,,,,,,,,,,,,,,,,,,,,,,,,,,,,,,,,,,,,,,,,,,,,,,,,,,,,,,,,,,,,,,,,,,,,,,,,,,,,,,,,,,,,,,,,,,,,,,,,,,,,,,,,,,,,,,,,,,,,,,,,,,,,,,
eco00052,Galactose metabolism - Escherichia coli K-12 MG1655,C06311,C01216,C00137,C00095,C03383,C00124,C00052,C00103,C00029,C00880,C01286,C00446,C01235,C00089,C00492,C01235,C05399,C05400,C05401,C00116,C00159,C00794,C05396,C01113,C00031,C00124,C05404,C01613,C00118,C00111,C03785,C01097,C01697,C05796,C00795,C00243,C01132,C06376,C06377,C02262,C05402,C00668,C00267,C00577,C02669,C00984,C03733,C00085,,,,,,,,,,,,,,,,,,,,,,,,,,,,,,,,,,,,,,,,,,,,,,,,,,,,,,,,,,,,,,,,,,,,,,,,,,,,,,,,,,,,,,,,,,,,,,,,,,,,,,,,,,,,,,,,,,,,,,,,,,,,,,,,,,,,,,,,,,,,,,,,,,,,,,,,,,,,,,,,,,,,,,,,,,,,,,,,,,,,,,,,,,,,,,,,,,,,,,,,,,,,,,,,,,,,,,,,,,,,,,,,,,,,,,,,,,,,,,,,,,,,,,,,,,,,,,,,,,,,,,,,,,,,,,,,,,,,,,,,,,,,,
eco00053,Ascorbate and aldarate metabolism - Escherichia coli K-12 MG1655,C00137,C05385,C00167,C00029,C01825,C15930,C15926,C15923,C15925,C02280,C00096,C02670,C00191,C01040,C00800,C00333,C01115,C15924,C03921,C00818,C01146,C00022,C00679,C00879,C00433,C00026,C00259,C00684,C00545,C01114,C20889,C20896,C01620,C03064,C16186,C14899,C05422,C01041,C04575,C05411,C05412,C00618,C00072,C00231,C01101,C03291,C03289,C21955,C00558,C03033,,,,,,,,,,,,,,,,,,,,,,,,,,,,,,,,,,,,,,,,,,,,,,,,,,,,,,,,,,,,,,,,,,,,,,,,,,,,,,,,,,,,,,,,,,,,,,,,,,,,,,,,,,,,,,,,,,,,,,,,,,,,,,,,,,,,,,,,,,,,,,,,,,,,,,,,,,,,,,,,,,,,,,,,,,,,,,,,,,,,,,,,,,,,,,,,,,,,,,,,,,,,,,,,,,,,,,,,,,,,,,,,,,,,,,,,,,,,,,,,,,,,,,,,,,,,,,,,,,,,,,,,,,,,,,,,,,,,,,,,,,,
eco00061,Fatty acid biosynthesis - Escherichia coli K-12 MG1655,C04088,C16221,C16220,C16219,C00712,C01530,C08362,C01203,C16520,C06424,C02679,C01571,C06423,C00024,C00083,C01209,C03939,C05744,C04618,C04246,C05745,C00229,C05746,C05747,C05748,C05749,C05752,C05751,C04620,C05750,C05753,C04619,C05754,C05755,C05223,C05758,C05757,C05756,C05759,C04688,C05760,C05761,C00249,C05764,C05763,C04633,C05762,C04180,C20794,C00154,C00383,C00024,C00083,C00024,C00083,C01209,C05744,C01271,C00693,C00173,C00229,C00383,C00024,C00083,C01209,C05744,C01271,C00693,C00173,C00229,C00638,C02843,C02843,C00638,C03939,,,,,,,,,,,,,,,,,,,,,,,,,,,,,,,,,,,,,,,,,,,,,,,,,,,,,,,,,,,,,,,,,,,,,,,,,,,,,,,,,,,,,,,,,,,,,,,,,,,,,,,,,,,,,,,,,,,,,,,,,,,,,,,,,,,,,,,,,,,,,,,,,,,,,,,,,,,,,,,,,,,,,,,,,,,,,,,,,,,,,,,,,,,,,,,,,,,,,,,,,,,,,,,,,,,,,,,,,,,,,,,,,,,,,,,,,,,,,,,,,,,,,,,,,,,,,,,,,,
eco00071,Fatty acid degradation - Escherichia coli K-12 MG1655,C02990,C00638,C05280,C03561,C01144,C00877,C00332,C00136,C00229,C05269,C05271,C00010,C05268,C05270,C20683,C05279,C01144,C00010,C05267,C05266,C05276,C01944,C01371,C00340,C05275,C05274,C05264,C00010,C05265,C00435,C00226,C05262,C01832,C00010,C05263,C03221,C00071,C00010,C05260,C02593,C05261,C05273,C00162,C00527,C00010,C05259,C05258,C05272,C00154,C00249,C05102,C03547,C00517,C00823,C00024,C00489,C00154,,,,,,,,,,,,,,,,,,,,,,,,,,,,,,,,,,,,,,,,,,,,,,,,,,,,,,,,,,,,,,,,,,,,,,,,,,,,,,,,,,,,,,,,,,,,,,,,,,,,,,,,,,,,,,,,,,,,,,,,,,,,,,,,,,,,,,,,,,,,,,,,,,,,,,,,,,,,,,,,,,,,,,,,,,,,,,,,,,,,,,,,,,,,,,,,,,,,,,,,,,,,,,,,,,,,,,,,,,,,,,,,,,,,,,,,,,,,,,,,,,,,,,,,,,,,,,,,,,,,,,,,,,,,,,,,,,,,
eco00121,Secondary bile acid biosynthesis - Escherichia coli K-12 MG1655,,,,,,,,,,,,,,,,,,,,,,,,,,,,,,,,,,,,,,,,,,,,,,,,,,,,,,,,,,,,,,,,,,,,,,,,,,,,,,,,,,,,,,,,,,,,,,,,,,,,,,,,,,,,,,,,,,,,,,,,,,,,,,,,,,,,,,,,,,,,,,,,,,,,,,,,,,,,,,,,,,,,,,,,,,,,,,,,,,,,,,,,,,,,,,,,,,,,,,,,,,,,,,,,,,,,,,,,,,,,,,,,,,,,,,,,,,,,,,,,,,,,,,,,,,,,,,,,,,,,,,,,,,,,,,,,,,,,,,,,,,,,,,,,,,,,,,,,,,,,,,,,,,,,,,,,,,,,,,,,,,,,,,,,,,,,,
eco00130,Ubiquinone and other terpenoid-quinone biosynthesis - Escherichia coli K-12 MG1655,C16519,C03657,C06986,C00885,C00156,C00390,C03160,C02730,C17554,C17559,C17552,C19858,C19859,C05848,C05807,C17551,C05817,C15547,C00544,C00811,C00082,C01179,C03964,C00223,C02949,C05847,C05427,C19847,C13309,C02059,C05427,C00828,C05847,C04145,C17570,C14151,C02477,C16695,C14152,C15882,C02483,C15883,C21860,C18131,C10793,C18132,C18133,C17412,C03993,C18135,C18134,C00341,C05849,C05819,C03313,C20265,C00251,C16999,C17010,C17017,C17018,C20772,C20773,C00423,C00353,C14156,C14154,C20737,C14155,C20738,C14153,C21084,C22039,,,,,,,,,,,,,,,,,,,,,,,,,,,,,,,,,,,,,,,,,,,,,,,,,,,,,,,,,,,,,,,,,,,,,,,,,,,,,,,,,,,,,,,,,,,,,,,,,,,,,,,,,,,,,,,,,,,,,,,,,,,,,,,,,,,,,,,,,,,,,,,,,,,,,,,,,,,,,,,,,,,,,,,,,,,,,,,,,,,,,,,,,,,,,,,,,,,,,,,,,,,,,,,,,,,,,,,,,,,,,,,,,,,,,,,,,,,,,,,,,,,,,,,,,,,,,,,,,,,,
eco00190,Oxidative phosphorylation - Escherichia coli K-12 MG1655,C00080,C00080,C00004,C00003,C00080,C00122,C00080,C00080,C00080,C00007,C00001,C00080,C00080,C00008,C00009,C00080,C00013,C00536,C00002,C00001,C00042,,,,,,,,,,,,,,,,,,,,,,,,,,,,,,,,,,,,,,,,,,,,,,,,,,,,,,,,,,,,,,,,,,,,,,,,,,,,,,,,,,,,,,,,,,,,,,,,,,,,,,,,,,,,,,,,,,,,,,,,,,,,,,,,,,,,,,,,,,,,,,,,,,,,,,,,,,,,,,,,,,,,,,,,,,,,,,,,,,,,,,,,,,,,,,,,,,,,,,,,,,,,,,,,,,,,,,,,,,,,,,,,,,,,,,,,,,,,,,,,,,,,,,,,,,,,,,,,,,,,,,,,,,,,,,,,,,,,,,,,,,,,,,,,,,,,,,,,,,,,,,,,,,,,,,,,
eco00220,Arginine biosynthesis - Escherichia coli K-12 MG1655,C03406,C00327,C00062,C00077,C00169,C00049,C00122,C00014,C00624,C04133,C01250,C00064,C00086,C01010,C00011,C15532,C00026,C00437,C20948,C20949,C20950,C20951,C00025,,,,,,,,,,,,,,,,,,,,,,,,,,,,,,,,,,,,,,,,,,,,,,,,,,,,,,,,,,,,,,,,,,,,,,,,,,,,,,,,,,,,,,,,,,,,,,,,,,,,,,,,,,,,,,,,,,,,,,,,,,,,,,,,,,,,,,,,,,,,,,,,,,,,,,,,,,,,,,,,,,,,,,,,,,,,,,,,,,,,,,,,,,,,,,,,,,,,,,,,,,,,,,,,,,,,,,,,,,,,,,,,,,,,,,,,,,,,,,,,,,,,,,,,,,,,,,,,,,,,,,,,,,,,,,,,,,,,,,,,,,,,,,,,,,,,,,,,,,,,,,,,,,,,,,
eco00230,Purine metabolism - Escherichia coli K-12 MG1655,C12248,C11821,C02091,C00802,C00169,C00014,C00288,C00117,C00119,C03090,C04734,C00064,C04392,C00046,C00039,C05512,C00559,C00360,C00206,C00131,C00008,C00020,C00212,C00147,C03794,C00014,C00130,C00294,C00262,C00048,C00011,C00014,C00086,C00603,C00499,C02350,C02348,C00366,C05513,C00385,C00008,C01260,C00224,C00053,C00059,C00054,C00037,C02718,C05239,C05516,C05515,C00242,C00330,C00362,C00039,C00286,C00361,C00046,C00035,C04494,C01228,C00144,C00387,C01762,C00081,C00104,C01345,C03373,C04751,C04640,C04376,C04823,C03838,C04677,C01344,C00002,C00044,C03614,C00942,C01261,C02353,C01367,C03483,C00575,C00620,C00301,C00002,C00002,C00655,C00700,C06194,C06195,C06196,C06193,C06197,C04051,C05993,C06433,C06435,C15667,C01444,C00209,,,,,,,,,,,,,,,,,,,,,,,,,,,,,,,,,,,,,,,,,,,,,,,,,,,,,,,,,,,,,,,,,,,,,,,,,,,,,,,,,,,,,,,,,,,,,,,,,,,,,,,,,,,,,,,,,,,,,,,,,,,,,,,,,,,,,,,,,,,,,,,,,,,,,,,,,,,,,,,,,,,,,,,,,,,,,,,,,,,,,,,,,,,,,,,,,,,,,,,,,,,,,,,,,,,,,,,,,,,,,,,,,,,,,,,
eco00240,Pyrimidine metabolism - Escherichia coli K-12 MG1655,C00063,C15607,C00064,C00438,C00169,C00337,C00119,C01103,C00075,C00015,C00105,C00299,C00106,C00046,C00063,C00039,C00459,C00363,C00364,C00214,C00672,C05281,C20846,C00178,C02376,C21028,C21029,C01205,C00383,C00086,C00813,C00099,C02642,C00429,C00380,C00475,C00055,C00112,C00015,C00460,C01346,C00365,C00526,C00881,C00239,C00705,C00458,C03997,C11038,C11039,C01168,C02067,C00295,C00075,C00029,C01368,C02355,C02354,C06198,C05822,C20231,C20249,C01563,C00222,C01013,C20253,C20254,C02170,C00086,C00039,,,,,,,,,,,,,,,,,,,,,,,,,,,,,,,,,,,,,,,,,,,,,,,,,,,,,,,,,,,,,,,,,,,,,,,,,,,,,,,,,,,,,,,,,,,,,,,,,,,,,,,,,,,,,,,,,,,,,,,,,,,,,,,,,,,,,,,,,,,,,,,,,,,,,,,,,,,,,,,,,,,,,,,,,,,,,,,,,,,,,,,,,,,,,,,,,,,,,,,,,,,,,,,,,,,,,,,,,,,,,,,,,,,,,,,,,,,,,,,,,,,,,,,,,,,,,,,,,,,,,,,
eco00250,"Alanine, aspartate and glutamate metabolism - Escherichia coli K-12 MG1655",C00122,C00042,C00036,C00026,C00041,C00049,C00152,C00402,C02362,C01042,C03794,C03406,C00022,C00438,C00232,C00025,C00334,C00064,C00014,C00169,C00940,C03912,C00352,C03090,C00014,C12270,C20776,C00158,C20775,,,,,,,,,,,,,,,,,,,,,,,,,,,,,,,,,,,,,,,,,,,,,,,,,,,,,,,,,,,,,,,,,,,,,,,,,,,,,,,,,,,,,,,,,,,,,,,,,,,,,,,,,,,,,,,,,,,,,,,,,,,,,,,,,,,,,,,,,,,,,,,,,,,,,,,,,,,,,,,,,,,,,,,,,,,,,,,,,,,,,,,,,,,,,,,,,,,,,,,,,,,,,,,,,,,,,,,,,,,,,,,,,,,,,,,,,,,,,,,,,,,,,,,,,,,,,,,,,,,,,,,,,,,,,,,,,,,,,,,,,,,,,,,,,,,,,,,,,,,,,,,,
eco00260,"Glycine, serine and threonine metabolism - Escherichia coli K-12 MG1655",C16432,C06231,C06442,C03283,C02855,C02972,C02051,C00258,C00114,C00576,C00719,C00197,C00300,C01026,C05519,C00581,C00049,C03232,C02291,C00097,C00213,C01005,C00037,C00188,C00109,C03082,C00065,C00048,C01102,C03508,C00263,C00441,C00740,C00022,C00011,C00430,C00168,C00014,C00101,C01726,C01888,C00546,C00143,C01242,C03194,C02737,C00078,C00986,C00631,C19929,,,,,,,,,,,,,,,,,,,,,,,,,,,,,,,,,,,,,,,,,,,,,,,,,,,,,,,,,,,,,,,,,,,,,,,,,,,,,,,,,,,,,,,,,,,,,,,,,,,,,,,,,,,,,,,,,,,,,,,,,,,,,,,,,,,,,,,,,,,,,,,,,,,,,,,,,,,,,,,,,,,,,,,,,,,,,,,,,,,,,,,,,,,,,,,,,,,,,,,,,,,,,,,,,,,,,,,,,,,,,,,,,,,,,,,,,,,,,,,,,,,,,,,,,,,,,,,,,,,,,,,,,,,,,,,,,,,,,,,,,,,
eco00261,Monobactam biosynthesis - Escherichia coli K-12 MG1655,C01179,C03198,C03590,C00082,C12323,C17355,C17352,C17351,C01941,C01739,C00927,C00062,C00065,C16842,C00188,C20928,C20927,C00224,C00059,C20929,C20929,C00019,C00049,C03082,C00441,C20258,C00022,C03972,C20911,C20912,C20913,C20914,C20915,C20916,C20917,C20918,C20921,C20920,C20919,C05539,,,,,,,,,,,,,,,,,,,,,,,,,,,,,,,,,,,,,,,,,,,,,,,,,,,,,,,,,,,,,,,,,,,,,,,,,,,,,,,,,,,,,,,,,,,,,,,,,,,,,,,,,,,,,,,,,,,,,,,,,,,,,,,,,,,,,,,,,,,,,,,,,,,,,,,,,,,,,,,,,,,,,,,,,,,,,,,,,,,,,,,,,,,,,,,,,,,,,,,,,,,,,,,,,,,,,,,,,,,,,,,,,,,,,,,,,,,,,,,,,,,,,,,,,,,,,,,,,,,,,,,,,,,,,,,,,,,,,,,,,,,,,,,,,,,,,
eco00270,Cysteine and methionine metabolism - Escherichia coli K-12 MG1655,C06547,C01234,C08276,C15606,C15651,C15650,C04582,C04188,C03089,C00170,C01137,C01817,C03145,C00109,C00065,C00155,C00073,C02291,C00021,C00019,C02989,C01180,C03539,C00409,C00065,C00979,C00097,C00283,C05824,C00059,C00051,C02218,C00506,C05528,C11537,C00022,C11481,C00491,C01962,C00606,C05527,C00022,C00793,C00957,C05823,C00263,C01118,C01077,C00441,C03082,C00049,C05524,C09306,C00041,C00094,C01005,C11499,C00109,C02356,C21015,C21016,C19787,C18049,C00197,C03232,C05526,,,,,,,,,,,,,,,,,,,,,,,,,,,,,,,,,,,,,,,,,,,,,,,,,,,,,,,,,,,,,,,,,,,,,,,,,,,,,,,,,,,,,,,,,,,,,,,,,,,,,,,,,,,,,,,,,,,,,,,,,,,,,,,,,,,,,,,,,,,,,,,,,,,,,,,,,,,,,,,,,,,,,,,,,,,,,,,,,,,,,,,,,,,,,,,,,,,,,,,,,,,,,,,,,,,,,,,,,,,,,,,,,,,,,,,,,,,,,,,,,,,,,,,,,,,,,,,,,,,,,,,,,,,
eco00280,"Valine, leucine and isoleucine degradation - Escherichia coli K-12 MG1655",C15978,C15973,C15973,C15972,C15972,C15976,C00068,C00068,C15973,C15972,C00068,C00123,C00233,C15975,C02939,C03069,C05998,C03231,C00164,C00332,C00024,C00091,C03284,C06002,C02170,C01213,C00683,C00100,C03344,C03345,C05996,C00630,C03460,C06000,C06001,C00183,C00141,C15977,C00407,C00671,C15979,C15980,C04405,C20827,C01205,C00356,C15974,,,,,,,,,,,,,,,,,,,,,,,,,,,,,,,,,,,,,,,,,,,,,,,,,,,,,,,,,,,,,,,,,,,,,,,,,,,,,,,,,,,,,,,,,,,,,,,,,,,,,,,,,,,,,,,,,,,,,,,,,,,,,,,,,,,,,,,,,,,,,,,,,,,,,,,,,,,,,,,,,,,,,,,,,,,,,,,,,,,,,,,,,,,,,,,,,,,,,,,,,,,,,,,,,,,,,,,,,,,,,,,,,,,,,,,,,,,,,,,,,,,,,,,,,,,,,,,,,,,,,,,,,,,,,,,,,,,,,,,,,,,,,,
eco00281,Geraniol degradation - Escherichia coli K-12 MG1655,C03069,C16471,C16469,C16462,C01920,C16464,C16465,C09848,C16470,C04675,C01291,C01499,C16461,C01500,C09871,C16466,C09847,C09849,C16468,,,,,,,,,,,,,,,,,,,,,,,,,,,,,,,,,,,,,,,,,,,,,,,,,,,,,,,,,,,,,,,,,,,,,,,,,,,,,,,,,,,,,,,,,,,,,,,,,,,,,,,,,,,,,,,,,,,,,,,,,,,,,,,,,,,,,,,,,,,,,,,,,,,,,,,,,,,,,,,,,,,,,,,,,,,,,,,,,,,,,,,,,,,,,,,,,,,,,,,,,,,,,,,,,,,,,,,,,,,,,,,,,,,,,,,,,,,,,,,,,,,,,,,,,,,,,,,,,,,,,,,,,,,,,,,,,,,,,,,,,,,,,,,,,,,,,,,,,,,,,,,,,,,,,,,,,,
eco00290,"Valine, leucine and isoleucine biosynthesis - Escherichia coli K-12 MG1655",C00188,C06032,C02226,C02612,C00024,C00022,C00109,C06006,C14463,C06007,C00671,C00407,C00183,C00141,C04272,C04181,C06010,C02504,C02631,C04411,C04236,C00233,C00123,,,,,,,,,,,,,,,,,,,,,,,,,,,,,,,,,,,,,,,,,,,,,,,,,,,,,,,,,,,,,,,,,,,,,,,,,,,,,,,,,,,,,,,,,,,,,,,,,,,,,,,,,,,,,,,,,,,,,,,,,,,,,,,,,,,,,,,,,,,,,,,,,,,,,,,,,,,,,,,,,,,,,,,,,,,,,,,,,,,,,,,,,,,,,,,,,,,,,,,,,,,,,,,,,,,,,,,,,,,,,,,,,,,,,,,,,,,,,,,,,,,,,,,,,,,,,,,,,,,,,,,,,,,,,,,,,,,,,,,,,,,,,,,,,,,,,,,,,,,,,,,,,,,,,,
eco00300,Lysine biosynthesis - Escherichia coli K-12 MG1655,C19889,C19888,C19887,C19886,C00049,C03082,C00263,C00441,C03972,C05539,C04390,C04462,C04421,C00666,C00680,C03871,C04877,C00047,C00449,C04076,C05535,C05560,C00956,C00322,C05662,C04002,C01251,C00024,C00026,C04882,C20278,C20277,C20279,C16138,C20258,,,,,,,,,,,,,,,,,,,,,,,,,,,,,,,,,,,,,,,,,,,,,,,,,,,,,,,,,,,,,,,,,,,,,,,,,,,,,,,,,,,,,,,,,,,,,,,,,,,,,,,,,,,,,,,,,,,,,,,,,,,,,,,,,,,,,,,,,,,,,,,,,,,,,,,,,,,,,,,,,,,,,,,,,,,,,,,,,,,,,,,,,,,,,,,,,,,,,,,,,,,,,,,,,,,,,,,,,,,,,,,,,,,,,,,,,,,,,,,,,,,,,,,,,,,,,,,,,,,,,,,,,,,,,,,,,,,,,,,,,,,,,,,,,,,,,,,,,,
eco00310,Lysine degradation - Escherichia coli K-12 MG1655,C05825,C05161,C00877,C01144,C00332,C00024,C00322,C00527,C00489,C00956,C00408,C00450,C04076,C03273,C04092,C03239,C00449,C00431,C05548,C02727,C00047,C00990,C03087,C01142,C01186,C03656,C00739,C02188,C05544,C01211,C05545,C04487,C05546,C03793,C01259,C01181,C00487,C01149,C00037,C04020,C05231,C00136,C00164,C03366,C16741,C03196,C00026,C00042,C12455,C01672,,,,,,,,,,,,,,,,,,,,,,,,,,,,,,,,,,,,,,,,,,,,,,,,,,,,,,,,,,,,,,,,,,,,,,,,,,,,,,,,,,,,,,,,,,,,,,,,,,,,,,,,,,,,,,,,,,,,,,,,,,,,,,,,,,,,,,,,,,,,,,,,,,,,,,,,,,,,,,,,,,,,,,,,,,,,,,,,,,,,,,,,,,,,,,,,,,,,,,,,,,,,,,,,,,,,,,,,,,,,,,,,,,,,,,,,,,,,,,,,,,,,,,,,,,,,,,,,,,,,,,,,,,,,,,,,,,,,,,,,,,,
eco00330,Arginine and proline metabolism - Escherichia coli K-12 MG1655,C00062,C00077,C00134,C00555,C00334,C15699,C15700,C15767,C00315,C01137,C00750,C00019,C02714,C05936,C02946,C03771,C01035,C02647,C03078,C00884,C00581,C00300,C02305,C00791,C02565,C01043,C00213,C00086,C03166,C18172,C00441,C18174,C03375,C00986,C00436,C00223,C18326,C00406,C10497,C04498,C18325,C01682,C04137,C05945,C05933,C00533,C05931,C03296,C03415,C05932,C00025,C03287,C03440,C00433,C05942,C05941,C03912,C00022,C01157,C04281,C05947,C05946,C00048,C05938,C01877,C00148,C00431,C03564,C01110,C05939,C05147,C00763,C04282,C00012,C00179,C19706,C01250,C01165,,,,,,,,,,,,,,,,,,,,,,,,,,,,,,,,,,,,,,,,,,,,,,,,,,,,,,,,,,,,,,,,,,,,,,,,,,,,,,,,,,,,,,,,,,,,,,,,,,,,,,,,,,,,,,,,,,,,,,,,,,,,,,,,,,,,,,,,,,,,,,,,,,,,,,,,,,,,,,,,,,,,,,,,,,,,,,,,,,,,,,,,,,,,,,,,,,,,,,,,,,,,,,,,,,,,,,,,,,,,,,,,,,,,,,,,,,,,,,,,,,,,,,,,,,,,,,,
eco00332,Carbapenem biosynthesis - Escherichia coli K-12 MG1655,C00025,C03287,C01165,C03912,C00148,C17366,C00083,C17367,C06669,C20821,C00010,C01134,C00831,C20817,C20818,C20822,C17369,C20823,C20819,C20820,C17368,C06664,C17377,C00097,C20813,C17374,C17373,C20814,C20816,C17399,C11755,C20815,,,,,,,,,,,,,,,,,,,,,,,,,,,,,,,,,,,,,,,,,,,,,,,,,,,,,,,,,,,,,,,,,,,,,,,,,,,,,,,,,,,,,,,,,,,,,,,,,,,,,,,,,,,,,,,,,,,,,,,,,,,,,,,,,,,,,,,,,,,,,,,,,,,,,,,,,,,,,,,,,,,,,,,,,,,,,,,,,,,,,,,,,,,,,,,,,,,,,,,,,,,,,,,,,,,,,,,,,,,,,,,,,,,,,,,,,,,,,,,,,,,,,,,,,,,,,,,,,,,,,,,,,,,,,,,,,,,,,,,,,,,,,,,,,,,,,,,,,,,,,
eco00340,Histidine metabolism - Escherichia coli K-12 MG1655,C00119,C02739,C02741,C04896,C04916,C04677,C04666,C01267,C01100,C00860,C00049,C01044,C03409,C05133,C05131,C04437,C02835,C05130,C00388,C01929,C01152,C01262,C00386,C00135,C05127,C05135,C03277,C05568,C05571,C05570,C05575,C00785,C05572,C00026,C16673,C16674,C03680,C00439,C05565,C01045,C00025,C05827,C05828,C05829,C20522,C20995,C20994,,,,,,,,,,,,,,,,,,,,,,,,,,,,,,,,,,,,,,,,,,,,,,,,,,,,,,,,,,,,,,,,,,,,,,,,,,,,,,,,,,,,,,,,,,,,,,,,,,,,,,,,,,,,,,,,,,,,,,,,,,,,,,,,,,,,,,,,,,,,,,,,,,,,,,,,,,,,,,,,,,,,,,,,,,,,,,,,,,,,,,,,,,,,,,,,,,,,,,,,,,,,,,,,,,,,,,,,,,,,,,,,,,,,,,,,,,,,,,,,,,,,,,,,,,,,,,,,,,,,,,,,,,,,,,,,,,,,,,,,,,,,,,
eco00350,Tyrosine metabolism - Escherichia coli K-12 MG1655,C06044,C06046,C04186,C04642,C04052,C05600,C00232,C00042,C00164,C00122,C01061,C05596,C05595,C01161,C00642,C05338,C01036,C00530,C00022,C02514,C02167,C00628,C05585,C03964,C03765,C00483,C01179,C05350,C00082,C00146,C04368,C02515,C01060,C02465,C01829,C02442,C03077,C03063,C06201,C06199,C05593,C00544,C04185,C00822,C05604,C01693,C05578,C05579,C00355,C04045,C03758,C05587,C04043,C05581,C01161,C05582,C00547,C05589,C00788,C05588,C05583,C05584,C05580,C05577,C05576,C05594,C22038,C04797,C01850,C04796,C06047,C06048,C17937,C17938,C17935,C17936,C10447,C00811,C01384,,,,,,,,,,,,,,,,,,,,,,,,,,,,,,,,,,,,,,,,,,,,,,,,,,,,,,,,,,,,,,,,,,,,,,,,,,,,,,,,,,,,,,,,,,,,,,,,,,,,,,,,,,,,,,,,,,,,,,,,,,,,,,,,,,,,,,,,,,,,,,,,,,,,,,,,,,,,,,,,,,,,,,,,,,,,,,,,,,,,,,,,,,,,,,,,,,,,,,,,,,,,,,,,,,,,,,,,,,,,,,,,,,,,,,,,,,,,,,,,,,,,,,,,,,,,,,
eco00360,Phenylalanine metabolism - Escherichia coli K-12 MG1655,C12621,C00084,C00022,C03589,C00596,C00122,C12624,C12623,C12622,C11588,C05853,C02265,C05620,C02763,C00166,C01772,C01586,C04044,C00512,C03519,C01198,C05629,C00180,C00079,C05607,C06207,C05852,C04148,C04479,C00042,C00582,C05593,C02505,C00642,C05598,C05332,C07086,C00601,C11457,C00805,C02137,C00512,C15524,C17268,C08301,C08300,C16719,C01575,C02765,C04351,C00082,C00423,C19975,C19946,C19945,C14144,C14145,C02232,C00091,C00024,C20062,C00024,,,,,,,,,,,,,,,,,,,,,,,,,,,,,,,,,,,,,,,,,,,,,,,,,,,,,,,,,,,,,,,,,,,,,,,,,,,,,,,,,,,,,,,,,,,,,,,,,,,,,,,,,,,,,,,,,,,,,,,,,,,,,,,,,,,,,,,,,,,,,,,,,,,,,,,,,,,,,,,,,,,,,,,,,,,,,,,,,,,,,,,,,,,,,,,,,,,,,,,,,,,,,,,,,,,,,,,,,,,,,,,,,,,,,,,,,,,,,,,,,,,,,,,,,,,,,,,,,,,,,,,,,,,,,,,
eco00361,Chlorocyclohexane and chlorobenzene degradation - Escherichia coli K-12 MG1655,C16266,C12832,C12838,C03572,C05618,C12837,C06990,C07092,C02814,C06596,C06598,C02222,C00530,C06603,C07075,C06601,C06602,C06599,C06594,C06597,C06600,C12831,C12833,C12834,C12835,C12836,C00042,C06755,C00160,C06989,C01407,C04091,C00090,C16181,C16182,C06988,C07102,C07103,C07101,C07100,C04522,C04431,C03664,C02625,C02933,C03918,C04729,C04706,C06329,C07095,C07094,C07093,C07088,C02124,C02375,C07089,C03585,C00682,C07090,C07091,C02575,C03434,C07099,C07097,C07096,C07098,C06328,C18238,C18240,C18241,C18243,C18242,C18244,C00011,C14450,C14419,C18236,C00146,C11352,C21103,C21104,C21105,C18933,,,,,,,,,,,,,,,,,,,,,,,,,,,,,,,,,,,,,,,,,,,,,,,,,,,,,,,,,,,,,,,,,,,,,,,,,,,,,,,,,,,,,,,,,,,,,,,,,,,,,,,,,,,,,,,,,,,,,,,,,,,,,,,,,,,,,,,,,,,,,,,,,,,,,,,,,,,,,,,,,,,,,,,,,,,,,,,,,,,,,,,,,,,,,,,,,,,,,,,,,,,,,,,,,,,,,,,,,,,,,,,,,,,,,,,,,,,,,,,,,,,,,,,,,,
eco00362,Benzoate degradation - Escherichia coli K-12 MG1655,C06714,C04553,C04434,C00587,C00628,C00156,C00230,C04484,C05375,C03671,C01163,C04324,C01278,C00022,C02222,C06033,C06035,C02814,C04115,C03676,C00036,C00512,C06322,C06749,C06715,C02411,C09811,C09812,C01063,C06723,C09823,C09809,C09810,C00877,C01144,C00332,C00024,C02949,C06321,C03586,C00091,C00180,C02480,C14610,C00090,C00846,C00596,C00022,C00084,C03589,C02501,C03453,C06333,C06336,C02519,C09822,C00682,C00196,C02232,C00530,C00527,C09821,C01407,C04091,C00146,C04480,C09813,C01751,C21298,C19684,C19683,C19682,C14144,,,,,,,,,,,,,,,,,,,,,,,,,,,,,,,,,,,,,,,,,,,,,,,,,,,,,,,,,,,,,,,,,,,,,,,,,,,,,,,,,,,,,,,,,,,,,,,,,,,,,,,,,,,,,,,,,,,,,,,,,,,,,,,,,,,,,,,,,,,,,,,,,,,,,,,,,,,,,,,,,,,,,,,,,,,,,,,,,,,,,,,,,,,,,,,,,,,,,,,,,,,,,,,,,,,,,,,,,,,,,,,,,,,,,,,,,,,,,,,,,,,,,,,,,,,,,,,,,,,,
eco00364,Fluorobenzoate degradation - Escherichia coli K-12 MG1655,C02364,C16474,C00090,C16484,C02949,C16476,C16473,C16475,C16472,C02222,C11272,C02371,C16480,C16479,C16478,C16482,C02359,C16483,C16481,C16477,C02802,C06387,C02370,C06670,C06671,C16248,C04178,C16249,C16246,C03925,C02357,C16247,,,,,,,,,,,,,,,,,,,,,,,,,,,,,,,,,,,,,,,,,,,,,,,,,,,,,,,,,,,,,,,,,,,,,,,,,,,,,,,,,,,,,,,,,,,,,,,,,,,,,,,,,,,,,,,,,,,,,,,,,,,,,,,,,,,,,,,,,,,,,,,,,,,,,,,,,,,,,,,,,,,,,,,,,,,,,,,,,,,,,,,,,,,,,,,,,,,,,,,,,,,,,,,,,,,,,,,,,,,,,,,,,,,,,,,,,,,,,,,,,,,,,,,,,,,,,,,,,,,,,,,,,,,,,,,,,,,,,,,,,,,,,,,,,,,,,,,,,,,,,
eco00380,Tryptophan metabolism - Escherichia coli K-12 MG1655,C05663,C05639,C05652,C05638,C05651,C05648,C02172,C02298,C05658,C02775,C05655,C05654,C05656,C05641,C01111,C01249,C00024,C01717,C01252,C00328,C02700,C00463,C03574,C03230,C02693,C05646,C00643,C00078,C00332,C01144,C00877,C00527,C00322,C02220,C03824,C03722,C04409,C00632,C02470,C05645,C05637,C05636,C03227,C02161,C01987,C05640,C00780,C05635,C05659,C05647,C00978,C01598,C05643,C05642,C05644,C22006,C00954,C00637,C00398,C05660,C05832,C00955,C05834,C05831,C05830,C00108,C02938,C05653,C06212,C06213,C03453,C17203,C02937,C16518,C16516,C05837,C00463,C16517,C00331,C10164,C08313,C22202,C05835,C05634,,,,,,,,,,,,,,,,,,,,,,,,,,,,,,,,,,,,,,,,,,,,,,,,,,,,,,,,,,,,,,,,,,,,,,,,,,,,,,,,,,,,,,,,,,,,,,,,,,,,,,,,,,,,,,,,,,,,,,,,,,,,,,,,,,,,,,,,,,,,,,,,,,,,,,,,,,,,,,,,,,,,,,,,,,,,,,,,,,,,,,,,,,,,,,,,,,,,,,,,,,,,,,,,,,,,,,,,,,,,,,,,,,,,,,,,,,,,,,,,,,,,,,,,,
eco00400,"Phenylalanine, tyrosine and tryptophan biosynthesis - Escherichia coli K-12 MG1655",C00279,C00074,C04691,C00944,C00296,C02637,C00493,C03175,C01269,C00251,C00079,C00119,C00108,C04302,C01302,C03506,C00463,C00078,C00082,C01179,C00254,C00826,C00166,C16850,C00441,C16848,C01094,C00354,C20653,C20654,C20327,C17235,C00587,C20710,,,,,,,,,,,,,,,,,,,,,,,,,,,,,,,,,,,,,,,,,,,,,,,,,,,,,,,,,,,,,,,,,,,,,,,,,,,,,,,,,,,,,,,,,,,,,,,,,,,,,,,,,,,,,,,,,,,,,,,,,,,,,,,,,,,,,,,,,,,,,,,,,,,,,,,,,,,,,,,,,,,,,,,,,,,,,,,,,,,,,,,,,,,,,,,,,,,,,,,,,,,,,,,,,,,,,,,,,,,,,,,,,,,,,,,,,,,,,,,,,,,,,,,,,,,,,,,,,,,,,,,,,,,,,,,,,,,,,,,,,,,,,,,,,,,,,,,,,,,
eco00401,Novobiocin biosynthesis - Escherichia coli K-12 MG1655,C12477,C12483,C12479,C05080,C00082,C12462,C12467,C01179,C00254,C12456,C12032,C12481,C12460,C05073,C12476,C12475,C12468,C12457,C12470,C12469,C12458,C12463,C12459,C00148,C12471,C12481,C12472,C12474,C12480,C12473,C12461,C12483,C20637,C20629,,,,,,,,,,,,,,,,,,,,,,,,,,,,,,,,,,,,,,,,,,,,,,,,,,,,,,,,,,,,,,,,,,,,,,,,,,,,,,,,,,,,,,,,,,,,,,,,,,,,,,,,,,,,,,,,,,,,,,,,,,,,,,,,,,,,,,,,,,,,,,,,,,,,,,,,,,,,,,,,,,,,,,,,,,,,,,,,,,,,,,,,,,,,,,,,,,,,,,,,,,,,,,,,,,,,,,,,,,,,,,,,,,,,,,,,,,,,,,,,,,,,,,,,,,,,,,,,,,,,,,,,,,,,,,,,,,,,,,,,,,,,,,,,,,,,,,,,,,,
eco00410,beta-Alanine metabolism - Escherichia coli K-12 MG1655,C00429,C02642,C00099,C00083,C00024,C00383,C05669,C05670,C01073,C05665,C00986,C00315,C00049,C00750,C00864,C00222,C01013,C05668,C00894,C00100,C02335,C00386,C00135,C05340,C05341,C03722,C00804,C00555,C00334,C01262,C00106,C03492,,,,,,,,,,,,,,,,,,,,,,,,,,,,,,,,,,,,,,,,,,,,,,,,,,,,,,,,,,,,,,,,,,,,,,,,,,,,,,,,,,,,,,,,,,,,,,,,,,,,,,,,,,,,,,,,,,,,,,,,,,,,,,,,,,,,,,,,,,,,,,,,,,,,,,,,,,,,,,,,,,,,,,,,,,,,,,,,,,,,,,,,,,,,,,,,,,,,,,,,,,,,,,,,,,,,,,,,,,,,,,,,,,,,,,,,,,,,,,,,,,,,,,,,,,,,,,,,,,,,,,,,,,,,,,,,,,,,,,,,,,,,,,,,,,,,,,,,,,,,,
eco00430,Taurine and hypotaurine metabolism - Escherichia coli K-12 MG1655,C00094,C06735,C00041,C00022,C14179,C00227,C00024,C00606,C00519,C01678,C00097,C00506,C00245,C00593,C05123,C01959,C03149,C05844,C05122,C00033,C00025,C00026,,,,,,,,,,,,,,,,,,,,,,,,,,,,,,,,,,,,,,,,,,,,,,,,,,,,,,,,,,,,,,,,,,,,,,,,,,,,,,,,,,,,,,,,,,,,,,,,,,,,,,,,,,,,,,,,,,,,,,,,,,,,,,,,,,,,,,,,,,,,,,,,,,,,,,,,,,,,,,,,,,,,,,,,,,,,,,,,,,,,,,,,,,,,,,,,,,,,,,,,,,,,,,,,,,,,,,,,,,,,,,,,,,,,,,,,,,,,,,,,,,,,,,,,,,,,,,,,,,,,,,,,,,,,,,,,,,,,,,,,,,,,,,,,,,,,,,,,,,,,,,,,,,,,,,,
eco00440,Phosphonate and phosphinate metabolism - Escherichia coli K-12 MG1655,C00074,C02798,C05672,C17942,C03167,C03557,C05682,C00033,C17940,C06455,C17943,C05679,C05683,C05678,C05673,C05677,C05681,C05680,C06459,C05676,C06456,C17945,C06367,C06368,C17947,C17948,C17949,C17950,C17952,C17951,C04650,C06457,C17962,C17941,C05674,C05675,C00084,C06451,C20396,C20422,C20423,C20440,C00022,C01151,C20986,C00117,C21372,C00037,C21403,C21404,C01438,C21613,C00058,,,,,,,,,,,,,,,,,,,,,,,,,,,,,,,,,,,,,,,,,,,,,,,,,,,,,,,,,,,,,,,,,,,,,,,,,,,,,,,,,,,,,,,,,,,,,,,,,,,,,,,,,,,,,,,,,,,,,,,,,,,,,,,,,,,,,,,,,,,,,,,,,,,,,,,,,,,,,,,,,,,,,,,,,,,,,,,,,,,,,,,,,,,,,,,,,,,,,,,,,,,,,,,,,,,,,,,,,,,,,,,,,,,,,,,,,,,,,,,,,,,,,,,,,,,,,,,,,,,,,,,,,,,,,,,,,,,,,,,,
eco00450,Selenocompound metabolism - Escherichia coli K-12 MG1655,C01528,C05697,C05684,C05172,C06481,C06482,C05689,C05695,C05688,C05699,C05698,C05335,C05690,C05336,C00017,C05703,C02535,C18902,C18904,C16638,C06481,C18870,C18872,C18871,C18893,C05686,C18905,C00041,,,,,,,,,,,,,,,,,,,,,,,,,,,,,,,,,,,,,,,,,,,,,,,,,,,,,,,,,,,,,,,,,,,,,,,,,,,,,,,,,,,,,,,,,,,,,,,,,,,,,,,,,,,,,,,,,,,,,,,,,,,,,,,,,,,,,,,,,,,,,,,,,,,,,,,,,,,,,,,,,,,,,,,,,,,,,,,,,,,,,,,,,,,,,,,,,,,,,,,,,,,,,,,,,,,,,,,,,,,,,,,,,,,,,,,,,,,,,,,,,,,,,,,,,,,,,,,,,,,,,,,,,,,,,,,,,,,,,,,,,,,,,,,,,,,,,,,,,,,,,,,,,
eco00460,Cyanoamino acid metabolism - Escherichia coli K-12 MG1655,C05670,C01401,C00302,C05714,C00488,C05715,C05711,C00049,C02512,C00152,C00014,C06114,C00065,C00037,C00097,C16074,C08325,C00082,C03004,C15503,C04350,C20310,C20311,C20312,C00407,C20313,C20314,C20315,C00183,C03742,C18796,C02659,C05143,C08334,C01594,C19491,C03219,C00844,C00561,C01326,C00079,C16075,C19712,C19715,C19714,,,,,,,,,,,,,,,,,,,,,,,,,,,,,,,,,,,,,,,,,,,,,,,,,,,,,,,,,,,,,,,,,,,,,,,,,,,,,,,,,,,,,,,,,,,,,,,,,,,,,,,,,,,,,,,,,,,,,,,,,,,,,,,,,,,,,,,,,,,,,,,,,,,,,,,,,,,,,,,,,,,,,,,,,,,,,,,,,,,,,,,,,,,,,,,,,,,,,,,,,,,,,,,,,,,,,,,,,,,,,,,,,,,,,,,,,,,,,,,,,,,,,,,,,,,,,,,,,,,,,,,,,,,,,,,,,,,,,,,,,,,,,,,,
eco00471,D-Glutamine and D-glutamate metabolism - Escherichia coli K-12 MG1655,C00064,C00819,C03933,C05723,C00025,C00217,C02671,C00692,C01212,C01050,C02237,C00026,C22053,,,,,,,,,,,,,,,,,,,,,,,,,,,,,,,,,,,,,,,,,,,,,,,,,,,,,,,,,,,,,,,,,,,,,,,,,,,,,,,,,,,,,,,,,,,,,,,,,,,,,,,,,,,,,,,,,,,,,,,,,,,,,,,,,,,,,,,,,,,,,,,,,,,,,,,,,,,,,,,,,,,,,,,,,,,,,,,,,,,,,,,,,,,,,,,,,,,,,,,,,,,,,,,,,,,,,,,,,,,,,,,,,,,,,,,,,,,,,,,,,,,,,,,,,,,,,,,,,,,,,,,,,,,,,,,,,,,,,,,,,,,,,,,,,,,,,,,,,,,,,,,,,,,,,,,,,,,,,,,,
eco00473,D-Alanine metabolism - Escherichia coli K-12 MG1655,C00041,C00133,C00993,C00022,C04260,C04457,,,,,,,,,,,,,,,,,,,,,,,,,,,,,,,,,,,,,,,,,,,,,,,,,,,,,,,,,,,,,,,,,,,,,,,,,,,,,,,,,,,,,,,,,,,,,,,,,,,,,,,,,,,,,,,,,,,,,,,,,,,,,,,,,,,,,,,,,,,,,,,,,,,,,,,,,,,,,,,,,,,,,,,,,,,,,,,,,,,,,,,,,,,,,,,,,,,,,,,,,,,,,,,,,,,,,,,,,,,,,,,,,,,,,,,,,,,,,,,,,,,,,,,,,,,,,,,,,,,,,,,,,,,,,,,,,,,,,,,,,,,,,,,,,,,,,,,,,,,,,,,,,,,,,,,,,,,,,,,,,,,,,,,
eco00480,Glutathione metabolism - Escherichia coli K-12 MG1655,C00024,C00151,C01879,C00097,C00025,C00037,C01419,C03740,C00051,C00669,C03646,C00127,C00005,C00006,C01322,C02320,C05730,C00025,C05729,C00037,C05726,C05727,C00077,C00134,C00315,C02090,C03170,C00005,C00006,C05422,C00072,C16664,C16663,C00750,C16562,C16563,C16564,C01672,C16565,C16566,C16567,C16568,,,,,,,,,,,,,,,,,,,,,,,,,,,,,,,,,,,,,,,,,,,,,,,,,,,,,,,,,,,,,,,,,,,,,,,,,,,,,,,,,,,,,,,,,,,,,,,,,,,,,,,,,,,,,,,,,,,,,,,,,,,,,,,,,,,,,,,,,,,,,,,,,,,,,,,,,,,,,,,,,,,,,,,,,,,,,,,,,,,,,,,,,,,,,,,,,,,,,,,,,,,,,,,,,,,,,,,,,,,,,,,,,,,,,,,,,,,,,,,,,,,,,,,,,,,,,,,,,,,,,,,,,,,,,,,,,,,,,,,,,,,,,,,,,,,
eco00500,Starch and sucrose metabolism - Escherichia coli K-12 MG1655,C00092,C00092,C00095,C05731,C02591,C00089,C00029,C00031,C00085,C00092,C00031,C01231,C00501,C00394,C00965,C00498,C00208,C00721,C01935,C00973,C00092,C00689,C01083,C00663,C00031,C02995,C00089,C01083,C00963,C00718,C00031,C00185,C01725,C06215,C00208,C00252,C16688,C01898,C00760,C20237,C00369,C06400,C00103,C00031,C00718,C00372,C03323,C00372,C00185,C04534,C00085,C00095,,,,,,,,,,,,,,,,,,,,,,,,,,,,,,,,,,,,,,,,,,,,,,,,,,,,,,,,,,,,,,,,,,,,,,,,,,,,,,,,,,,,,,,,,,,,,,,,,,,,,,,,,,,,,,,,,,,,,,,,,,,,,,,,,,,,,,,,,,,,,,,,,,,,,,,,,,,,,,,,,,,,,,,,,,,,,,,,,,,,,,,,,,,,,,,,,,,,,,,,,,,,,,,,,,,,,,,,,,,,,,,,,,,,,,,,,,,,,,,,,,,,,,,,,,,,,,,,,,,,,,,,,,,,,,,,,,,,,,,,,
eco00511,Other glycan degradation - Escherichia coli K-12 MG1655,,,,,,,,,,,,,,,,,,,,,,,,,,,,,,,,,,,,,,,,,,,,,,,,,,,,,,,,,,,,,,,,,,,,,,,,,,,,,,,,,,,,,,,,,,,,,,,,,,,,,,,,,,,,,,,,,,,,,,,,,,,,,,,,,,,,,,,,,,,,,,,,,,,,,,,,,,,,,,,,,,,,,,,,,,,,,,,,,,,,,,,,,,,,,,,,,,,,,,,,,,,,,,,,,,,,,,,,,,,,,,,,,,,,,,,,,,,,,,,,,,,,,,,,,,,,,,,,,,,,,,,,,,,,,,,,,,,,,,,,,,,,,,,,,,,,,,,,,,,,,,,,,,,,,,,,,,,,,,,,,,,,,,,,,,,,,
eco00520,Amino sugar and nucleotide sugar metabolism - Escherichia coli K-12 MG1655,C00357,C00140,C04501,C00043,C00645,C04257,C06241,C05345,C00352,C06156,C13952,C06240,C04631,C01050,C16698,C02713,C00270,C00128,C03410,C03691,C00999,C00996,C04573,C06023,C00461,C00734,C01674,C00329,C00203,C00329,C00140,C02336,C00461,C01170,C20395,C20359,C19725,C19745,C19823,C19961,C19971,C19972,C20082,C20083,C02199,C17328,C04089,C00029,C00191,C05385,C00167,C00333,C04037,C00617,C00190,C00935,C00668,C00267,C16155,C16153,C16154,C16156,C00259,C03906,C11521,C01623,C00976,C00394,C00668,C00267,C04297,C03598,C03599,C00446,C00052,C00984,C00103,C00159,C00636,C00096,C00103,C00325,C02985,C01019,C03117,C02977,C01222,C02280,C15925,C17327,C00031,C00275,C00159,C00031,C01219,C00498,C00714,C02474,C00181,C02352,C02330,C17326,C00501,C20638,C20672,C04613,C04630,C20357,C20424,C20418,C20419,C18094,C03733,C16157,C01788,C21027,C02713,,,,,,,,,,,,,,,,,,,,,,,,,,,,,,,,,,,,,,,,,,,,,,,,,,,,,,,,,,,,,,,,,,,,,,,,,,,,,,,,,,,,,,,,,,,,,,,,,,,,,,,,,,,,,,,,,,,,,,,,,,,,,,,,,,,,,,,,,,,,,,,,,,,,,,,,,,,,,,,,,,,,,,,,,,,,,,,,,,,,,,,,,,,,,,,,,,,,,,,,,,,,,,,,,,,,,,,,
eco00521,Streptomycin biosynthesis - Escherichia coli K-12 MG1655,C01214,C03319,C06592,C00413,C01138,C01221,C04767,C03442,C00688,C11907,C00842,C00103,C00092,C01121,C01283,C00137,C04006,C00031,C00691,C04280,C04673,C01298,C11351,C01294,,,,,,,,,,,,,,,,,,,,,,,,,,,,,,,,,,,,,,,,,,,,,,,,,,,,,,,,,,,,,,,,,,,,,,,,,,,,,,,,,,,,,,,,,,,,,,,,,,,,,,,,,,,,,,,,,,,,,,,,,,,,,,,,,,,,,,,,,,,,,,,,,,,,,,,,,,,,,,,,,,,,,,,,,,,,,,,,,,,,,,,,,,,,,,,,,,,,,,,,,,,,,,,,,,,,,,,,,,,,,,,,,,,,,,,,,,,,,,,,,,,,,,,,,,,,,,,,,,,,,,,,,,,,,,,,,,,,,,,,,,,,,,,,,,,,,,,,,,,,,,,,,,,,,
eco00523,Polyketide sugar unit biosynthesis - Escherichia coli K-12 MG1655,C07277,C00103,C11911,C00688,C11908,C11925,C11918,C11933,C00842,C18032,C18034,C18033,C11910,C04268,C18030,C18031,C18029,C11926,C11922,C11909,C11915,C11928,C11920,C11927,C11907,C11921,C11916,C03319,C11912,C11460,C12481,C03187,C06620,C18035,C21071,C12318,C21073,C21074,C11919,C20682,C19960,C19947,C19948,C20156,C11447,C11461,C21349,C21350,C06017,C21351,C21352,C21353,C21354,C21355,C21348,C21356,C21362,C21363,,,,,,,,,,,,,,,,,,,,,,,,,,,,,,,,,,,,,,,,,,,,,,,,,,,,,,,,,,,,,,,,,,,,,,,,,,,,,,,,,,,,,,,,,,,,,,,,,,,,,,,,,,,,,,,,,,,,,,,,,,,,,,,,,,,,,,,,,,,,,,,,,,,,,,,,,,,,,,,,,,,,,,,,,,,,,,,,,,,,,,,,,,,,,,,,,,,,,,,,,,,,,,,,,,,,,,,,,,,,,,,,,,,,,,,,,,,,,,,,,,,,,,,,,,,,,,,,,,,,,,,,,,,,,,,,,,,
eco00525,Acarbose and validamycin biosynthesis - Escherichia coli K-12 MG1655,C20956,C17692,C17693,C17698,C06802,C04268,C17691,C21205,C21209,C21210,C21211,C21206,C21208,C21156,C21204,C21207,C00103,C00842,C11907,C17696,C12112,C17700,C21219,C21249,C17699,C21247,C21248,C21218,C17694,C17695,C17697,C21293,C21367,C21368,C21216,C21415,,,,,,,,,,,,,,,,,,,,,,,,,,,,,,,,,,,,,,,,,,,,,,,,,,,,,,,,,,,,,,,,,,,,,,,,,,,,,,,,,,,,,,,,,,,,,,,,,,,,,,,,,,,,,,,,,,,,,,,,,,,,,,,,,,,,,,,,,,,,,,,,,,,,,,,,,,,,,,,,,,,,,,,,,,,,,,,,,,,,,,,,,,,,,,,,,,,,,,,,,,,,,,,,,,,,,,,,,,,,,,,,,,,,,,,,,,,,,,,,,,,,,,,,,,,,,,,,,,,,,,,,,,,,,,,,,,,,,,,,,,,,,,,,,,,,,,,,,
eco00540,Lipopolysaccharide biosynthesis - Escherichia coli K-12 MG1655,C19877,C05382,C07836,C11472,C07838,C06397,C06398,C04121,C01187,C04478,C01112,C06251,C00229,C06025,C04919,C04932,C04824,C05761,C00229,C06024,C04652,C06026,C04738,C06022,C00043,C05223,C19879,C19880,C19881,C19878,C00199,C21982,C21984,C21983,C21994,C21995,C21998,C21996,C21988,C01187,C20933,C21991,C21157,C21461,C21992,C21993,C21173,C19890,C19884,C22002,C22003,C21463,C21997,C22068,C04088,C00229,C21999,,,,,,,,,,,,,,,,,,,,,,,,,,,,,,,,,,,,,,,,,,,,,,,,,,,,,,,,,,,,,,,,,,,,,,,,,,,,,,,,,,,,,,,,,,,,,,,,,,,,,,,,,,,,,,,,,,,,,,,,,,,,,,,,,,,,,,,,,,,,,,,,,,,,,,,,,,,,,,,,,,,,,,,,,,,,,,,,,,,,,,,,,,,,,,,,,,,,,,,,,,,,,,,,,,,,,,,,,,,,,,,,,,,,,,,,,,,,,,,,,,,,,,,,,,,,,,,,,,,,,,,,,,,,,,,,,,,,
eco00541,O-Antigen nucleotide sugar biosynthesis - Escherichia coli K-12 MG1655,C04501,C01170,C06240,C20768,C20774,C04613,C22261,C22262,C22259,C22260,C19961,C19971,C19972,C20082,C20083,C00270,C00128,C00645,C04630,C22247,C22249,C22250,C22248,C22251,C22252,C22253,C22254,C22255,C22256,C04573,C20395,C20359,C19725,C19745,C22246,C13952,C00203,C22245,C00103,C00842,C11907,C00688,C03319,C03187,C19960,C19947,C20156,C11925,C22257,C11908,C04346,C20415,C07277,C20682,C00029,C00052,C03733,C00167,C02330,C00501,C04297,C01219,C03598,C03599,C17327,C17326,C01788,C00617,C05345,C00275,C00636,C01222,C03117,C00325,C20612,C20613,C20638,C20672,C02977,C04268,C06018,C19823,C22270,C22276,C00043,C20769,C00096,,,,,,,,,,,,,,,,,,,,,,,,,,,,,,,,,,,,,,,,,,,,,,,,,,,,,,,,,,,,,,,,,,,,,,,,,,,,,,,,,,,,,,,,,,,,,,,,,,,,,,,,,,,,,,,,,,,,,,,,,,,,,,,,,,,,,,,,,,,,,,,,,,,,,,,,,,,,,,,,,,,,,,,,,,,,,,,,,,,,,,,,,,,,,,,,,,,,,,,,,,,,,,,,,,,,,,,,,,,,,,,,,,,,,,,,,,,,,,,,,,,,,,
eco00550,Peptidoglycan biosynthesis - Escherichia coli K-12 MG1655,C01050,C04574,C17556,C00993,C00133,C17558,C00043,C04631,C01212,C00692,C04877,C04882,C05897,C05898,C05892,C04702,C04851,C05893,C05894,C17541,C17542,C05895,C17550,C17549,C05896,C05896,C05896,C00448,,,,,,,,,,,,,,,,,,,,,,,,,,,,,,,,,,,,,,,,,,,,,,,,,,,,,,,,,,,,,,,,,,,,,,,,,,,,,,,,,,,,,,,,,,,,,,,,,,,,,,,,,,,,,,,,,,,,,,,,,,,,,,,,,,,,,,,,,,,,,,,,,,,,,,,,,,,,,,,,,,,,,,,,,,,,,,,,,,,,,,,,,,,,,,,,,,,,,,,,,,,,,,,,,,,,,,,,,,,,,,,,,,,,,,,,,,,,,,,,,,,,,,,,,,,,,,,,,,,,,,,,,,,,,,,,,,,,,,,,,,,,,,,,,,,,,,,,,,,,,,,,,
eco00561,Glycerolipid metabolism - Escherichia coli K-12 MG1655,C00422,C00641,C00111,C00093,C00197,C00258,C00577,C00184,C00116,C00029,C00040,C00162,C11521,C00681,C00416,C05401,C00040,C13508,C04872,C00040,C06037,C06038,C04315,C06365,C20897,C03692,C06364,C01885,C02457,C00969,C06040,C06041,C04046,C06042,C20898,C20991,C00631,C00103,C02133,C00173,,,,,,,,,,,,,,,,,,,,,,,,,,,,,,,,,,,,,,,,,,,,,,,,,,,,,,,,,,,,,,,,,,,,,,,,,,,,,,,,,,,,,,,,,,,,,,,,,,,,,,,,,,,,,,,,,,,,,,,,,,,,,,,,,,,,,,,,,,,,,,,,,,,,,,,,,,,,,,,,,,,,,,,,,,,,,,,,,,,,,,,,,,,,,,,,,,,,,,,,,,,,,,,,,,,,,,,,,,,,,,,,,,,,,,,,,,,,,,,,,,,,,,,,,,,,,,,,,,,,,,,,,,,,,,,,,,,,,,,,,,,,,,,,,,,,,
eco00562,Inositol phosphate metabolism - Escherichia coli K-12 MG1655,C11557,C11555,C01272,C01204,C01245,C01243,C01284,C04520,C04563,C04477,C04579,C04063,C04062,C01220,C00092,C04006,C03546,C00191,C01177,C04637,C01277,C05981,C01194,C00641,C03659,C03660,C04287,C16737,C06892,C06893,C00222,C00024,C00111,C00118,C11556,C11554,C20251,C00137,C19891,C06153,C19794,C19799,C00691,C21643,C00558,C21644,C04549,,,,,,,,,,,,,,,,,,,,,,,,,,,,,,,,,,,,,,,,,,,,,,,,,,,,,,,,,,,,,,,,,,,,,,,,,,,,,,,,,,,,,,,,,,,,,,,,,,,,,,,,,,,,,,,,,,,,,,,,,,,,,,,,,,,,,,,,,,,,,,,,,,,,,,,,,,,,,,,,,,,,,,,,,,,,,,,,,,,,,,,,,,,,,,,,,,,,,,,,,,,,,,,,,,,,,,,,,,,,,,,,,,,,,,,,,,,,,,,,,,,,,,,,,,,,,,,,,,,,,,,,,,,,,,,,,,,,,,,,,,,,,,
eco00564,Glycerophospholipid metabolism - Escherichia coli K-12 MG1655,C06771,C06772,C00084,C00641,C01996,C04230,C00307,C00588,C00114,C00157,C00570,C01233,C00344,C03892,C00641,C01210,C13482,C03974,C00093,C00111,C00189,C03872,C00093,C00269,C01194,C00513,C00681,C00416,C00093,C03372,C05973,C04438,C05976,C00040,C05980,C05974,C02737,C00350,C01241,C00670,C00040,C00346,C04308,C04233,C03819,C18129,C18126,C18125,C18168,C18169,C00623,C04590,C04638,C18059,C20466,C20518,,,,,,,,,,,,,,,,,,,,,,,,,,,,,,,,,,,,,,,,,,,,,,,,,,,,,,,,,,,,,,,,,,,,,,,,,,,,,,,,,,,,,,,,,,,,,,,,,,,,,,,,,,,,,,,,,,,,,,,,,,,,,,,,,,,,,,,,,,,,,,,,,,,,,,,,,,,,,,,,,,,,,,,,,,,,,,,,,,,,,,,,,,,,,,,,,,,,,,,,,,,,,,,,,,,,,,,,,,,,,,,,,,,,,,,,,,,,,,,,,,,,,,,,,,,,,,,,,,,,,,,,,,,,,,,,,,,,,
eco00565,Ether lipid metabolism - Escherichia coli K-12 MG1655,C15647,C15646,C15645,C02773,C01264,C04756,C04317,C01233,C03968,C03201,C04635,C03820,C04598,C03372,C03715,C05212,C04361,C04517,C03454,C00670,C00958,C04475,C05977,C20859,C20825,,,,,,,,,,,,,,,,,,,,,,,,,,,,,,,,,,,,,,,,,,,,,,,,,,,,,,,,,,,,,,,,,,,,,,,,,,,,,,,,,,,,,,,,,,,,,,,,,,,,,,,,,,,,,,,,,,,,,,,,,,,,,,,,,,,,,,,,,,,,,,,,,,,,,,,,,,,,,,,,,,,,,,,,,,,,,,,,,,,,,,,,,,,,,,,,,,,,,,,,,,,,,,,,,,,,,,,,,,,,,,,,,,,,,,,,,,,,,,,,,,,,,,,,,,,,,,,,,,,,,,,,,,,,,,,,,,,,,,,,,,,,,,,,,,,,,,,,,,,,,,,,,,,,
eco00590,Arachidonic acid metabolism - Escherichia coli K-12 MG1655,C03577,C14811,C14809,C14810,C14808,C14807,C14777,C14812,C14822,C14820,C14780,C14821,C14779,C14823,C14776,C04822,C14824,C14748,C14749,C14795,C14794,C13809,C14772,C14773,C14774,C14775,C14768,C14769,C14770,C14771,C14778,C14732,C14782,C14814,C14781,C14813,C14815,C04577,C04742,C06315,C06314,C04805,C00219,C02198,C00157,C02165,C00909,C05356,C02166,C01312,C00584,C00639,C00427,C05957,C14717,C05966,C05965,C05956,C05949,C04853,C05950,C05951,C05952,C05963,C05964,C05958,C00696,C05959,C05960,C05953,C05955,C05954,C05961,C05962,C06462,,,,,,,,,,,,,,,,,,,,,,,,,,,,,,,,,,,,,,,,,,,,,,,,,,,,,,,,,,,,,,,,,,,,,,,,,,,,,,,,,,,,,,,,,,,,,,,,,,,,,,,,,,,,,,,,,,,,,,,,,,,,,,,,,,,,,,,,,,,,,,,,,,,,,,,,,,,,,,,,,,,,,,,,,,,,,,,,,,,,,,,,,,,,,,,,,,,,,,,,,,,,,,,,,,,,,,,,,,,,,,,,,,,,,,,,,,,,,,,,,,,,,,,,,,,,,,,,,,
eco00592,alpha-Linolenic acid metabolism - Escherichia coli K-12 MG1655,C11512,C16318,C08491,C16317,C16339,C16338,C16336,C16335,C16334,C16332,C16331,C16330,C16325,C16327,C16328,C16300,C16309,C16326,C04672,C01226,C16319,C04780,C16311,C16316,C16322,C16345,C00157,C16344,C16323,C16324,C16321,C16342,C16341,C16308,C16320,C06427,C16343,C16346,C16310,C04785,C08492,C19757,C21923,C21924,,,,,,,,,,,,,,,,,,,,,,,,,,,,,,,,,,,,,,,,,,,,,,,,,,,,,,,,,,,,,,,,,,,,,,,,,,,,,,,,,,,,,,,,,,,,,,,,,,,,,,,,,,,,,,,,,,,,,,,,,,,,,,,,,,,,,,,,,,,,,,,,,,,,,,,,,,,,,,,,,,,,,,,,,,,,,,,,,,,,,,,,,,,,,,,,,,,,,,,,,,,,,,,,,,,,,,,,,,,,,,,,,,,,,,,,,,,,,,,,,,,,,,,,,,,,,,,,,,,,,,,,,,,,,,,,,,,,,,,,,,,,,,,,,
eco00600,Sphingolipid metabolism - Escherichia coli K-12 MG1655,C00836,C12144,C12145,C12126,C01290,C06124,C01190,C01120,C00346,C06062,C05681,C02934,C00065,C00154,C00319,C00195,C02686,C01747,C03640,C02960,C00550,C06125,C06128,C06126,C06127,,,,,,,,,,,,,,,,,,,,,,,,,,,,,,,,,,,,,,,,,,,,,,,,,,,,,,,,,,,,,,,,,,,,,,,,,,,,,,,,,,,,,,,,,,,,,,,,,,,,,,,,,,,,,,,,,,,,,,,,,,,,,,,,,,,,,,,,,,,,,,,,,,,,,,,,,,,,,,,,,,,,,,,,,,,,,,,,,,,,,,,,,,,,,,,,,,,,,,,,,,,,,,,,,,,,,,,,,,,,,,,,,,,,,,,,,,,,,,,,,,,,,,,,,,,,,,,,,,,,,,,,,,,,,,,,,,,,,,,,,,,,,,,,,,,,,,,,,,,,,,,,,,,,
eco00620,Pyruvate metabolism - Escherichia coli K-12 MG1655,C15973,C15972,C16255,C05125,C03248,C00074,C03981,C00058,C00149,C00332,C00024,C00227,C05993,C02504,C02488,C05994,C01251,C00083,C00084,C00033,C00186,C00256,C03451,C00937,C00424,C00546,C00022,C00036,C00068,C00122,C00042,,,,,,,,,,,,,,,,,,,,,,,,,,,,,,,,,,,,,,,,,,,,,,,,,,,,,,,,,,,,,,,,,,,,,,,,,,,,,,,,,,,,,,,,,,,,,,,,,,,,,,,,,,,,,,,,,,,,,,,,,,,,,,,,,,,,,,,,,,,,,,,,,,,,,,,,,,,,,,,,,,,,,,,,,,,,,,,,,,,,,,,,,,,,,,,,,,,,,,,,,,,,,,,,,,,,,,,,,,,,,,,,,,,,,,,,,,,,,,,,,,,,,,,,,,,,,,,,,,,,,,,,,,,,,,,,,,,,,,,,,,,,,,,,,,,,,,,,,,,,,,
eco00621,Dioxin degradation - Escherichia coli K-12 MG1655,C07732,C07733,C07729,C06588,C06589,C00805,C00180,C06584,C06585,C06586,C06587,C00596,C03569,C07731,C02501,C08060,C08061,C08062,C02526,C03589,C00084,C03453,C00022,C00024,C01273,C02370,C00108,C00090,C07734,C04596,C21859,C06644,C06645,C06646,C03077,C04623,C11353,,,,,,,,,,,,,,,,,,,,,,,,,,,,,,,,,,,,,,,,,,,,,,,,,,,,,,,,,,,,,,,,,,,,,,,,,,,,,,,,,,,,,,,,,,,,,,,,,,,,,,,,,,,,,,,,,,,,,,,,,,,,,,,,,,,,,,,,,,,,,,,,,,,,,,,,,,,,,,,,,,,,,,,,,,,,,,,,,,,,,,,,,,,,,,,,,,,,,,,,,,,,,,,,,,,,,,,,,,,,,,,,,,,,,,,,,,,,,,,,,,,,,,,,,,,,,,,,,,,,,,,,,,,,,,,,,,,,,,,,,,,,,,,,,,,,,,,,
eco00622,Xylene degradation - Escherichia coli K-12 MG1655,C06757,C06720,C06731,C01454,C07211,C06730,C06729,C07209,C07214,C07212,C07208,C07216,C02923,C06758,C07213,C06756,C06576,C06578,C06580,C06579,C06577,C06575,C06581,C06582,C06210,C00596,C06760,C11354,C03589,C00084,C06762,C00479,C00022,C07478,C07479,C00024,C00100,,,,,,,,,,,,,,,,,,,,,,,,,,,,,,,,,,,,,,,,,,,,,,,,,,,,,,,,,,,,,,,,,,,,,,,,,,,,,,,,,,,,,,,,,,,,,,,,,,,,,,,,,,,,,,,,,,,,,,,,,,,,,,,,,,,,,,,,,,,,,,,,,,,,,,,,,,,,,,,,,,,,,,,,,,,,,,,,,,,,,,,,,,,,,,,,,,,,,,,,,,,,,,,,,,,,,,,,,,,,,,,,,,,,,,,,,,,,,,,,,,,,,,,,,,,,,,,,,,,,,,,,,,,,,,,,,,,,,,,,,,,,,,,,,,,,,,,,
eco00623,Toluene degradation - Escherichia coli K-12 MG1655,C00587,C03067,C03351,C01467,C00180,C04592,C00556,C01542,C00261,C09816,C09817,C09818,C09819,C09820,C00512,C00091,C00633,C01468,C06678,C06679,C02236,C18302,C18301,C18300,C18303,C18308,C18310,C18304,C18305,C18306,C18307,C04559,C04112,C06730,C04558,C18312,C18311,C02923,C01455,C18309,C00156,C14582,C21166,C21167,C21168,C00230,C06677,,,,,,,,,,,,,,,,,,,,,,,,,,,,,,,,,,,,,,,,,,,,,,,,,,,,,,,,,,,,,,,,,,,,,,,,,,,,,,,,,,,,,,,,,,,,,,,,,,,,,,,,,,,,,,,,,,,,,,,,,,,,,,,,,,,,,,,,,,,,,,,,,,,,,,,,,,,,,,,,,,,,,,,,,,,,,,,,,,,,,,,,,,,,,,,,,,,,,,,,,,,,,,,,,,,,,,,,,,,,,,,,,,,,,,,,,,,,,,,,,,,,,,,,,,,,,,,,,,,,,,,,,,,,,,,,,,,,,,,,,,,,,,
eco00625,Chloroalkane and chloroalkene degradation - Escherichia coli K-12 MG1655,C01380,C06548,C06547,C06793,C06791,C00084,C06789,C01548,C06792,C00024,C06609,C06610,C06611,C06612,C06613,C16348,C06614,C06615,C00222,C14866,C11150,C07490,C11149,C00048,C00058,C00067,C06752,C06753,C06754,C06755,C00160,C00237,C18246,C18247,C18248,C00209,C00011,C06790,C11148,C02271,C21752,C20303,C21753,,,,,,,,,,,,,,,,,,,,,,,,,,,,,,,,,,,,,,,,,,,,,,,,,,,,,,,,,,,,,,,,,,,,,,,,,,,,,,,,,,,,,,,,,,,,,,,,,,,,,,,,,,,,,,,,,,,,,,,,,,,,,,,,,,,,,,,,,,,,,,,,,,,,,,,,,,,,,,,,,,,,,,,,,,,,,,,,,,,,,,,,,,,,,,,,,,,,,,,,,,,,,,,,,,,,,,,,,,,,,,,,,,,,,,,,,,,,,,,,,,,,,,,,,,,,,,,,,,,,,,,,,,,,,,,,,,,,,,,,,,,,,,,,,,
eco00626,Naphthalene degradation - Escherichia coli K-12 MG1655,C00091,C03203,C14101,C14099,C02909,C14098,C14120,C14097,C14096,C14095,C14094,C14093,C14092,C14086,C14083,C14087,C14090,C14091,C14089,C14113,C14112,C02923,C14108,C14110,C14116,C14115,C14104,C14100,C14111,C14114,C14102,C14117,C14085,C14118,C14103,C06730,C14105,C14107,C14106,C14088,C14119,C14109,C14082,C14084,C00829,C04314,C03012,C06204,C06203,C06202,C00090,C16201,C16202,C00628,C16193,C16194,C16196,C16198,C16199,C00805,,,,,,,,,,,,,,,,,,,,,,,,,,,,,,,,,,,,,,,,,,,,,,,,,,,,,,,,,,,,,,,,,,,,,,,,,,,,,,,,,,,,,,,,,,,,,,,,,,,,,,,,,,,,,,,,,,,,,,,,,,,,,,,,,,,,,,,,,,,,,,,,,,,,,,,,,,,,,,,,,,,,,,,,,,,,,,,,,,,,,,,,,,,,,,,,,,,,,,,,,,,,,,,,,,,,,,,,,,,,,,,,,,,,,,,,,,,,,,,,,,,,,,,,,,,,,,,,,,,,,,,,,,,,,,,,,
eco00627,Aminobenzoate degradation - Escherichia coli K-12 MG1655,C00568,C00230,C07103,C03360,C06604,C06606,C02372,C06608,C06607,C00472,C02235,C00530,C00870,C06605,C06335,C06674,C06675,C06676,C02222,C00755,C06317,C06672,C16234,C16235,C00632,C05165,C02247,C08063,C03824,C01987,C02720,C06876,C06813,C00156,C02734,C00146,C00090,C00292,C16200,C02949,C00512,C06206,C16281,C16283,C16285,C09814,C09815,C06337,C00180,C00261,C00633,C01983,C02137,C03198,C04434,C03671,C16267,C16268,C16273,C16272,C06719,C02183,C01108,C00877,C01144,C10833,C01424,C04484,C18338,C18349,C18348,C18347,C14418,C18351,C14604,C00108,C18345,C05616,C01984,C00196,C06673,C14602,C02814,C03590,C07301,C01502,,,,,,,,,,,,,,,,,,,,,,,,,,,,,,,,,,,,,,,,,,,,,,,,,,,,,,,,,,,,,,,,,,,,,,,,,,,,,,,,,,,,,,,,,,,,,,,,,,,,,,,,,,,,,,,,,,,,,,,,,,,,,,,,,,,,,,,,,,,,,,,,,,,,,,,,,,,,,,,,,,,,,,,,,,,,,,,,,,,,,,,,,,,,,,,,,,,,,,,,,,,,,,,,,,,,,,,,,,,,,,,,,,,,,,,,,,,,,,,,,,,,,,,
eco00630,Glyoxylate and dicarboxylate metabolism - Escherichia coli K-12 MG1655,C00898,C00036,C00158,C00149,C04348,C03548,C00552,C03459,C00975,C01146,C00258,C01182,C00988,C00168,C00266,C01380,C00160,C00048,C00209,C00058,C00011,C02405,C06049,C00798,C00313,C00417,C00311,C00042,C01127,C00022,C01990,C01989,C02123,C03217,C00026,C00888,C00136,C00036,C00332,C03561,C00877,C18026,C18324,C06028,C00683,C00100,C00091,C06027,C00024,C01213,C00037,C00014,C00065,C00197,C00007,C00027,C00025,C00026,C00064,C20238,C00025,C03618,C01732,C00631,C00033,,,,,,,,,,,,,,,,,,,,,,,,,,,,,,,,,,,,,,,,,,,,,,,,,,,,,,,,,,,,,,,,,,,,,,,,,,,,,,,,,,,,,,,,,,,,,,,,,,,,,,,,,,,,,,,,,,,,,,,,,,,,,,,,,,,,,,,,,,,,,,,,,,,,,,,,,,,,,,,,,,,,,,,,,,,,,,,,,,,,,,,,,,,,,,,,,,,,,,,,,,,,,,,,,,,,,,,,,,,,,,,,,,,,,,,,,,,,,,,,,,,,,,,,,,,,,,,,,,,,,,,,,,,,
eco00633,Nitrotoluene degradation - Escherichia coli K-12 MG1655,C01468,C16401,C16400,C16395,C16398,C16397,C16420,C16399,C16396,C16403,C16414,C16402,C16413,C16394,C16391,C16392,C16393,C16411,C16412,C11006,C18315,C18316,C18317,C18318,C06002,C14401,C18320,,,,,,,,,,,,,,,,,,,,,,,,,,,,,,,,,,,,,,,,,,,,,,,,,,,,,,,,,,,,,,,,,,,,,,,,,,,,,,,,,,,,,,,,,,,,,,,,,,,,,,,,,,,,,,,,,,,,,,,,,,,,,,,,,,,,,,,,,,,,,,,,,,,,,,,,,,,,,,,,,,,,,,,,,,,,,,,,,,,,,,,,,,,,,,,,,,,,,,,,,,,,,,,,,,,,,,,,,,,,,,,,,,,,,,,,,,,,,,,,,,,,,,,,,,,,,,,,,,,,,,,,,,,,,,,,,,,,,,,,,,,,,,,,,,,,,,,,,,,,,,,,,,
eco00640,Propanoate metabolism - Escherichia coli K-12 MG1655,C00222,C00804,C01013,C00099,C00083,C00109,C02876,C00163,C00186,C00827,C00100,C00683,C02170,C02335,C05668,C05984,C05989,C05983,C01213,C04225,C00091,C02225,C00042,C04593,C00024,C00132,C01845,C00207,C00164,C00332,C20783,C17530,C00033,C05979,C00479,C00111,C00583,C00424,C05235,C00546,C06002,C15973,C15972,C21017,C00068,C21018,C21250,C00894,,,,,,,,,,,,,,,,,,,,,,,,,,,,,,,,,,,,,,,,,,,,,,,,,,,,,,,,,,,,,,,,,,,,,,,,,,,,,,,,,,,,,,,,,,,,,,,,,,,,,,,,,,,,,,,,,,,,,,,,,,,,,,,,,,,,,,,,,,,,,,,,,,,,,,,,,,,,,,,,,,,,,,,,,,,,,,,,,,,,,,,,,,,,,,,,,,,,,,,,,,,,,,,,,,,,,,,,,,,,,,,,,,,,,,,,,,,,,,,,,,,,,,,,,,,,,,,,,,,,,,,,,,,,,,,,,,,,,,,,,,,,,
eco00650,Butanoate metabolism - Escherichia coli K-12 MG1655,C03046,C01769,C00810,C03044,C06010,C00022,C00042,C00122,C01384,C00497,C02527,C00246,C00136,C01412,C00877,C02411,C03058,C02630,C00026,C00024,C00356,C00332,C00164,C01089,C04546,C03561,C01144,C02331,C06143,C00989,C00232,C00334,C00025,C06142,C06144,C06145,C06146,C00741,C11062,C00091,C20657,C21390,,,,,,,,,,,,,,,,,,,,,,,,,,,,,,,,,,,,,,,,,,,,,,,,,,,,,,,,,,,,,,,,,,,,,,,,,,,,,,,,,,,,,,,,,,,,,,,,,,,,,,,,,,,,,,,,,,,,,,,,,,,,,,,,,,,,,,,,,,,,,,,,,,,,,,,,,,,,,,,,,,,,,,,,,,,,,,,,,,,,,,,,,,,,,,,,,,,,,,,,,,,,,,,,,,,,,,,,,,,,,,,,,,,,,,,,,,,,,,,,,,,,,,,,,,,,,,,,,,,,,,,,,,,,,,,,,,,,,,,,,,,,,,,,,,,
eco00660,C5-Branched dibasic acid metabolism - Escherichia coli K-12 MG1655,C00810,C06010,C01011,C00531,C00490,C00417,C02614,C00033,C00022,C00048,C02630,C00100,C06027,C06028,C01732,C06029,C06030,C00026,C00025,C03618,C06031,C06032,C02226,C02612,C06033,C06034,C00109,C02876,C06035,C00651,C06234,C01109,C02341,C21632,,,,,,,,,,,,,,,,,,,,,,,,,,,,,,,,,,,,,,,,,,,,,,,,,,,,,,,,,,,,,,,,,,,,,,,,,,,,,,,,,,,,,,,,,,,,,,,,,,,,,,,,,,,,,,,,,,,,,,,,,,,,,,,,,,,,,,,,,,,,,,,,,,,,,,,,,,,,,,,,,,,,,,,,,,,,,,,,,,,,,,,,,,,,,,,,,,,,,,,,,,,,,,,,,,,,,,,,,,,,,,,,,,,,,,,,,,,,,,,,,,,,,,,,,,,,,,,,,,,,,,,,,,,,,,,,,,,,,,,,,,,,,,,,,,,,,,,,,,,
eco00670,One carbon pool by folate - Escherichia coli K-12 MG1655,C00504,C00415,C03479,C00143,C00440,C00664,C00234,C00445,C00101,,,,,,,,,,,,,,,,,,,,,,,,,,,,,,,,,,,,,,,,,,,,,,,,,,,,,,,,,,,,,,,,,,,,,,,,,,,,,,,,,,,,,,,,,,,,,,,,,,,,,,,,,,,,,,,,,,,,,,,,,,,,,,,,,,,,,,,,,,,,,,,,,,,,,,,,,,,,,,,,,,,,,,,,,,,,,,,,,,,,,,,,,,,,,,,,,,,,,,,,,,,,,,,,,,,,,,,,,,,,,,,,,,,,,,,,,,,,,,,,,,,,,,,,,,,,,,,,,,,,,,,,,,,,,,,,,,,,,,,,,,,,,,,,,,,,,,,,,,,,,,,,,,,,,,,,,,,,,,,,,,,,
eco00680,Methane metabolism - Escherichia coli K-12 MG1655,C01438,C00132,C00067,C00058,C00237,C04330,C01274,C01001,C04488,C04377,C03920,C00543,C00565,C01104,C01046,C00218,C01031,C14180,C00862,C00876,C01080,C04832,C04628,C01217,C00024,C00022,C00074,C00631,C00197,C03232,C01005,C00065,C00037,C04348,C00168,C00048,C00258,C00149,C00036,C00354,C00085,C00199,C00111,C00231,C00118,C00184,C06019,C00227,C00033,C00101,C00143,C00011,C00067,C03576,C00876,C01080,C00876,C04732,C19154,C19155,C19156,C19152,C19151,C19153,C00593,C05528,C11537,C11536,C03576,C00074,C04628,C16594,C16593,C16590,C16589,C00322,C16583,C20581,C16597,C16588,C16598,C20582,C16600,C21070,C00082,C20926,C00483,C00118,C20954,C21068,C21069,C21971,,,,,,,,,,,,,,,,,,,,,,,,,,,,,,,,,,,,,,,,,,,,,,,,,,,,,,,,,,,,,,,,,,,,,,,,,,,,,,,,,,,,,,,,,,,,,,,,,,,,,,,,,,,,,,,,,,,,,,,,,,,,,,,,,,,,,,,,,,,,,,,,,,,,,,,,,,,,,,,,,,,,,,,,,,,,,,,,,,,,,,,,,,,,,,,,,,,,,,,,,,,,,,,,,,,,,,,,,,,,,,,,,,,,,,,,,,,,,,,,,
eco00730,Thiamine metabolism - Escherichia coli K-12 MG1655,C00082,C15809,C11437,C15814,C15813,C15812,C15811,C00097,C15810,C03373,C01279,C04556,C04752,C00118,C04327,C01081,C02892,C00068,C03028,C00378,C05856,C04294,C00037,C00003,C00018,C20246,C00037,C20247,C00022,C20784,C19872,C20267,,,,,,,,,,,,,,,,,,,,,,,,,,,,,,,,,,,,,,,,,,,,,,,,,,,,,,,,,,,,,,,,,,,,,,,,,,,,,,,,,,,,,,,,,,,,,,,,,,,,,,,,,,,,,,,,,,,,,,,,,,,,,,,,,,,,,,,,,,,,,,,,,,,,,,,,,,,,,,,,,,,,,,,,,,,,,,,,,,,,,,,,,,,,,,,,,,,,,,,,,,,,,,,,,,,,,,,,,,,,,,,,,,,,,,,,,,,,,,,,,,,,,,,,,,,,,,,,,,,,,,,,,,,,,,,,,,,,,,,,,,,,,,,,,,,,,,,,,,,,,
eco00740,Riboflavin metabolism - Escherichia coli K-12 MG1655,C15556,C00199,C00044,C01304,C01268,C04454,C04332,C05995,C00255,C00474,C01727,C00016,C00061,C18910,C01847,C01352,C03114,C15563,C01007,C04732,,,,,,,,,,,,,,,,,,,,,,,,,,,,,,,,,,,,,,,,,,,,,,,,,,,,,,,,,,,,,,,,,,,,,,,,,,,,,,,,,,,,,,,,,,,,,,,,,,,,,,,,,,,,,,,,,,,,,,,,,,,,,,,,,,,,,,,,,,,,,,,,,,,,,,,,,,,,,,,,,,,,,,,,,,,,,,,,,,,,,,,,,,,,,,,,,,,,,,,,,,,,,,,,,,,,,,,,,,,,,,,,,,,,,,,,,,,,,,,,,,,,,,,,,,,,,,,,,,,,,,,,,,,,,,,,,,,,,,,,,,,,,,,,,,,,,,,,,,,,,,,,,,,,,,,,,
eco00750,Vitamin B6 metabolism - Escherichia coli K-12 MG1655,C00118,C00117,C07335,C00232,C01215,C01270,C04604,C06050,C00971,C00250,C00534,C00647,C00018,C00627,C00266,C00314,C04773,C04690,C03393,C00279,C06051,C06052,C04106,C06054,C06055,C00847,C11638,C06056,C00064,,,,,,,,,,,,,,,,,,,,,,,,,,,,,,,,,,,,,,,,,,,,,,,,,,,,,,,,,,,,,,,,,,,,,,,,,,,,,,,,,,,,,,,,,,,,,,,,,,,,,,,,,,,,,,,,,,,,,,,,,,,,,,,,,,,,,,,,,,,,,,,,,,,,,,,,,,,,,,,,,,,,,,,,,,,,,,,,,,,,,,,,,,,,,,,,,,,,,,,,,,,,,,,,,,,,,,,,,,,,,,,,,,,,,,,,,,,,,,,,,,,,,,,,,,,,,,,,,,,,,,,,,,,,,,,,,,,,,,,,,,,,,,,,,,,,,,,,,,,,,,,,
eco00760,Nicotinate and nicotinamide metabolism - Escherichia coli K-12 MG1655,C06178,C15523,C00022,C00163,C03652,C00922,C02295,C02930,C16390,C16159,C04226,C16152,C03458,C03056,C16151,C15986,C01297,C01056,C16150,C00006,C00003,C00857,C00455,C01185,C03722,C00111,C00049,C00122,C01384,C01596,C01059,C01020,C00253,C02918,C03150,C05840,C05841,C05380,C01004,C05843,C05842,C03043,C00153,C19631,C00232,C18232,C20381,C00334,C15987,C20361,C19569,C19567,C21154,C21075,C00042,,,,,,,,,,,,,,,,,,,,,,,,,,,,,,,,,,,,,,,,,,,,,,,,,,,,,,,,,,,,,,,,,,,,,,,,,,,,,,,,,,,,,,,,,,,,,,,,,,,,,,,,,,,,,,,,,,,,,,,,,,,,,,,,,,,,,,,,,,,,,,,,,,,,,,,,,,,,,,,,,,,,,,,,,,,,,,,,,,,,,,,,,,,,,,,,,,,,,,,,,,,,,,,,,,,,,,,,,,,,,,,,,,,,,,,,,,,,,,,,,,,,,,,,,,,,,,,,,,,,,,,,,,,,,,,,,,,,,,
eco00770,Pantothenate and CoA biosynthesis - Escherichia coli K-12 MG1655,C03688,C00022,C04272,C00141,C00183,C00966,C00522,C00864,C00097,C04352,C01134,C00882,C00054,C00229,C00010,C00831,C00099,C02642,C00429,C00106,C04079,C01053,C01088,C00049,C18911,C03492,C05944,C06010,C05665,C00750,,,,,,,,,,,,,,,,,,,,,,,,,,,,,,,,,,,,,,,,,,,,,,,,,,,,,,,,,,,,,,,,,,,,,,,,,,,,,,,,,,,,,,,,,,,,,,,,,,,,,,,,,,,,,,,,,,,,,,,,,,,,,,,,,,,,,,,,,,,,,,,,,,,,,,,,,,,,,,,,,,,,,,,,,,,,,,,,,,,,,,,,,,,,,,,,,,,,,,,,,,,,,,,,,,,,,,,,,,,,,,,,,,,,,,,,,,,,,,,,,,,,,,,,,,,,,,,,,,,,,,,,,,,,,,,,,,,,,,,,,,,,,,,,,,,,,,,,,,,,,,,
eco00780,Biotin metabolism - Escherichia coli K-12 MG1655,C02656,C01063,C01092,C01909,C01037,C00120,C00047,C05552,C01894,C05921,C06250,C19845,C19846,C01209,C19673,C20372,C20373,C20374,C20375,C20376,C20377,C20378,C20683,C20384,C20385,C20386,C20387,C00086,,,,,,,,,,,,,,,,,,,,,,,,,,,,,,,,,,,,,,,,,,,,,,,,,,,,,,,,,,,,,,,,,,,,,,,,,,,,,,,,,,,,,,,,,,,,,,,,,,,,,,,,,,,,,,,,,,,,,,,,,,,,,,,,,,,,,,,,,,,,,,,,,,,,,,,,,,,,,,,,,,,,,,,,,,,,,,,,,,,,,,,,,,,,,,,,,,,,,,,,,,,,,,,,,,,,,,,,,,,,,,,,,,,,,,,,,,,,,,,,,,,,,,,,,,,,,,,,,,,,,,,,,,,,,,,,,,,,,,,,,,,,,,,,,,,,,,,,,,,,,,,,,
eco00785,Lipoic acid metabolism - Escherichia coli K-12 MG1655,C16241,C16238,C22160,C15972,C22159,C06423,C15973,C01944,C02051,C05752,C02972,C02147,C22161,,,,,,,,,,,,,,,,,,,,,,,,,,,,,,,,,,,,,,,,,,,,,,,,,,,,,,,,,,,,,,,,,,,,,,,,,,,,,,,,,,,,,,,,,,,,,,,,,,,,,,,,,,,,,,,,,,,,,,,,,,,,,,,,,,,,,,,,,,,,,,,,,,,,,,,,,,,,,,,,,,,,,,,,,,,,,,,,,,,,,,,,,,,,,,,,,,,,,,,,,,,,,,,,,,,,,,,,,,,,,,,,,,,,,,,,,,,,,,,,,,,,,,,,,,,,,,,,,,,,,,,,,,,,,,,,,,,,,,,,,,,,,,,,,,,,,,,,,,,,,,,,,,,,,,,,,,,,,,,,
eco00790,Folate biosynthesis - Escherichia coli K-12 MG1655,C11355,C00251,C00044,C04895,C03684,C04244,C00272,C00268,C04874,C00266,C01300,C04807,C00921,C00568,C00415,C00504,C00101,C09332,C03541,C05927,C05926,C05925,C05924,C05923,C05922,C01217,C06148,C18239,C20239,C20248,C15996,C16675,C18802,C02587,C21310,C19848,C18237,C19871,C21485,C21486,C21094,C20264,C15522,C20567,C20566,C21065,C20562,C21107,C00156,C00119,C21008,C21007,C01304,C00835,C02953,C21640,C20559,C06313,,,,,,,,,,,,,,,,,,,,,,,,,,,,,,,,,,,,,,,,,,,,,,,,,,,,,,,,,,,,,,,,,,,,,,,,,,,,,,,,,,,,,,,,,,,,,,,,,,,,,,,,,,,,,,,,,,,,,,,,,,,,,,,,,,,,,,,,,,,,,,,,,,,,,,,,,,,,,,,,,,,,,,,,,,,,,,,,,,,,,,,,,,,,,,,,,,,,,,,,,,,,,,,,,,,,,,,,,,,,,,,,,,,,,,,,,,,,,,,,,,,,,,,,,,,,,,,,,,,,,,,,,,,,,,,,,,,
eco00860,Porphyrin and chlorophyll metabolism - Escherichia coli K-12 MG1655,C05774,C16243,C16244,C15670,C15672,C00037,C04122,C12147,C11851,C11850,C11830,C11829,C05793,C05794,C05790,C05777,C11630,C05770,C00931,C00032,C00992,C05795,C05787,C06508,C05791,C03194,C06320,C03516,C11538,C06406,C06509,C06510,C00194,C03114,C04778,C05775,C00541,C02463,C00025,C02987,C03741,C02800,C01024,C05766,C01051,C05767,C05769,C05768,C02469,C14818,C03263,C01079,C14818,C05779,C14819,C03029,C00500,C05913,C05786,C00486,C05912,C14819,C04536,C05772,C06416,C00430,C16242,C11540,C02880,C11545,C05798,C06407,C06505,C17401,C05778,C06507,C05797,C05307,C06319,C11543,C11542,C06408,C02139,C06399,C06506,C02823,C06503,C05773,C05780,C03179,C00853,C06504,C05306,C01708,C05781,C05785,C00524,C05782,C05783,C05784,C02191,C11539,C11832,C11831,C18021,C18022,C18098,C16541,C18151,C16540,C18152,C18154,C18153,C18157,C18064,C18155,C11242,C18160,C18162,C18163,C18156,C11243,C21217,C21435,C21427,C21428,C21429,C21284,C20666,C05789,C21510,C21511,C21512,C21582,C18161,C21723,C21724,C00748,C21835,C00188,,,,,,,,,,,,,,,,,,,,,,,,,,,,,,,,,,,,,,,,,,,,,,,,,,,,,,,,,,,,,,,,,,,,,,,,,,,,,,,,,,,,,,,,,,,,,,,,,,,,,,,,,,,,,,,,,,,,,,,,,,,,,,,,,,,,,,,,,,,,,,,,,,,,,,,,,,,,,,,,,,,,,,,,,,,,,,,,,,,,,,,,,,,,,,,,,
eco00900,Terpenoid backbone biosynthesis - Escherichia coli K-12 MG1655,C05859,C06081,C00022,C00024,C00332,C00118,C11434,C11435,C11436,C11453,C11811,C00356,C00418,C01107,C01143,C02321,C00129,C00235,C16521,C00341,C11437,C16826,C04574,C17432,C00448,C04216,C04146,C04145,C01230,C00353,C05427,C18321,C19852,C19853,C04506,C19760,C19691,C03461,C01126,C04748,C20120,C20121,C20345,C20847,C20848,,,,,,,,,,,,,,,,,,,,,,,,,,,,,,,,,,,,,,,,,,,,,,,,,,,,,,,,,,,,,,,,,,,,,,,,,,,,,,,,,,,,,,,,,,,,,,,,,,,,,,,,,,,,,,,,,,,,,,,,,,,,,,,,,,,,,,,,,,,,,,,,,,,,,,,,,,,,,,,,,,,,,,,,,,,,,,,,,,,,,,,,,,,,,,,,,,,,,,,,,,,,,,,,,,,,,,,,,,,,,,,,,,,,,,,,,,,,,,,,,,,,,,,,,,,,,,,,,,,,,,,,,,,,,,,,,,,,,,,,,,,,,,,,
eco00903,Limonene and pinene degradation - Escherichia coli K-12 MG1655,C11950,C11949,C11948,C11947,C11945,C11946,C11943,C11944,C11942,C11941,C11940,C11939,C11938,C11936,C11935,C11934,C11929,C11924,C11937,C04435,C02759,C09880,C09884,C07276,C07271,C02576,C11408,C11420,C11418,C11416,C11415,C11413,C11421,C11419,C11417,C11414,C11412,C11410,C11411,C11407,C11405,C11404,C11402,C11406,C11403,C11400,C11399,C11397,C11395,C11396,C11409,C11383,C01767,C00964,C00521,C06099,C19081,C19082,C19083,C19079,C11398,C11401,C19084,C02452,,,,,,,,,,,,,,,,,,,,,,,,,,,,,,,,,,,,,,,,,,,,,,,,,,,,,,,,,,,,,,,,,,,,,,,,,,,,,,,,,,,,,,,,,,,,,,,,,,,,,,,,,,,,,,,,,,,,,,,,,,,,,,,,,,,,,,,,,,,,,,,,,,,,,,,,,,,,,,,,,,,,,,,,,,,,,,,,,,,,,,,,,,,,,,,,,,,,,,,,,,,,,,,,,,,,,,,,,,,,,,,,,,,,,,,,,,,,,,,,,,,,,,,,,,,,,,,,,,,,,,,,,,,,,
eco00910,Nitrogen metabolism - Escherichia coli K-12 MG1655,C00058,C00488,C00014,C00192,C06058,C00887,C00533,C00088,C00244,C00726,C01417,C01563,C00288,C00011,C00169,C00244,C00088,C00064,C00025,C00244,C00088,C00014,C00244,C00088,C00244,C00088,C00697,C00887,C00533,C00697,C00014,C00014,C00088,C00244,C00014,C00192,C00014,C00697,C00088,C05361,C00533,C00697,C05361,,,,,,,,,,,,,,,,,,,,,,,,,,,,,,,,,,,,,,,,,,,,,,,,,,,,,,,,,,,,,,,,,,,,,,,,,,,,,,,,,,,,,,,,,,,,,,,,,,,,,,,,,,,,,,,,,,,,,,,,,,,,,,,,,,,,,,,,,,,,,,,,,,,,,,,,,,,,,,,,,,,,,,,,,,,,,,,,,,,,,,,,,,,,,,,,,,,,,,,,,,,,,,,,,,,,,,,,,,,,,,,,,,,,,,,,,,,,,,,,,,,,,,,,,,,,,,,,,,,,,,,,,,,,,,,,,,,,,,,,,,,,,,,,,,
eco00920,Sulfur metabolism - Escherichia coli K-12 MG1655,C00059,C00094,C00283,C00224,C00054,C00053,C11142,C11145,C11143,C00580,C00409,C04022,C03920,C19692,C01861,C02084,C00320,C00087,C00097,C00979,C00033,C00065,C08276,C00155,C01118,C00042,C00263,C00245,C15521,C00059,C00245,C15521,C00059,C00053,C00224,C00094,C00059,C00224,C00094,C00283,C00059,C00320,C00283,C19692,C20870,C20955,C00084,C17267,,,,,,,,,,,,,,,,,,,,,,,,,,,,,,,,,,,,,,,,,,,,,,,,,,,,,,,,,,,,,,,,,,,,,,,,,,,,,,,,,,,,,,,,,,,,,,,,,,,,,,,,,,,,,,,,,,,,,,,,,,,,,,,,,,,,,,,,,,,,,,,,,,,,,,,,,,,,,,,,,,,,,,,,,,,,,,,,,,,,,,,,,,,,,,,,,,,,,,,,,,,,,,,,,,,,,,,,,,,,,,,,,,,,,,,,,,,,,,,,,,,,,,,,,,,,,,,,,,,,,,,,,,,,,,,,,,,,,,,,,,,,,
eco00930,Caprolactam degradation - Escherichia coli K-12 MG1655,C02232,C14145,C11519,C14144,C14143,C00571,C02824,C11249,C11520,C12313,C00414,C03739,C06103,C01880,C06102,C06104,C01147,C06593,C00854,C06105,C02378,C04277,C01255,C20990,C20988,C03241,,,,,,,,,,,,,,,,,,,,,,,,,,,,,,,,,,,,,,,,,,,,,,,,,,,,,,,,,,,,,,,,,,,,,,,,,,,,,,,,,,,,,,,,,,,,,,,,,,,,,,,,,,,,,,,,,,,,,,,,,,,,,,,,,,,,,,,,,,,,,,,,,,,,,,,,,,,,,,,,,,,,,,,,,,,,,,,,,,,,,,,,,,,,,,,,,,,,,,,,,,,,,,,,,,,,,,,,,,,,,,,,,,,,,,,,,,,,,,,,,,,,,,,,,,,,,,,,,,,,,,,,,,,,,,,,,,,,,,,,,,,,,,,,,,,,,,,,,,,,,,,,,,,
eco00970,Aminoacyl-tRNA biosynthesis - Escherichia coli K-12 MG1655,C06113,C02992,C02839,C00078,C03512,C00082,C00188,C00123,C02047,C00407,C03127,C00047,C01931,C00041,C00886,C00183,C02554,C00073,C02430,C00234,C00101,C03294,C00065,C02553,C00049,C02984,C00037,C02412,C00148,C02702,C00097,C03125,C00025,C02987,C00064,C02282,C00062,C02163,C00079,C03511,C00135,C02988,C00152,C03402,C06112,C17022,C06481,C16638,C06482,C16138,C17027,C01005,,,,,,,,,,,,,,,,,,,,,,,,,,,,,,,,,,,,,,,,,,,,,,,,,,,,,,,,,,,,,,,,,,,,,,,,,,,,,,,,,,,,,,,,,,,,,,,,,,,,,,,,,,,,,,,,,,,,,,,,,,,,,,,,,,,,,,,,,,,,,,,,,,,,,,,,,,,,,,,,,,,,,,,,,,,,,,,,,,,,,,,,,,,,,,,,,,,,,,,,,,,,,,,,,,,,,,,,,,,,,,,,,,,,,,,,,,,,,,,,,,,,,,,,,,,,,,,,,,,,,,,,,,,,,,,,,,,,,,,,,
eco01040,Biosynthesis of unsaturated fatty acids - Escherichia coli K-12 MG1655,C16533,C16645,C16645,C03242,C01595,C01530,C00712,C00249,C00219,C08320,C08323,C08316,C08281,C06425,C06426,C06429,C16526,C16527,C16525,C16513,C06428,C16522,C06427,C02050,C16532,C16532,C16531,C16531,C16530,C16530,C00510,C16529,C16529,C16529,C16528,C16528,C16528,C02041,C02041,C02041,C00412,C00154,C16170,C02249,C03595,C03035,C16180,C16169,C16165,C16179,C16162,C16172,C16171,C16173,C16170,C02249,C03595,C16180,C03035,C16168,C16167,C16169,C16165,C16164,C16179,C00510,C00412,C00154,C16163,C02050,C16162,C02050,C00510,C00412,C00154,C16530,C16531,C16532,C16166,C16166,C21932,C21932,C21961,C21965,C21953,C21934,C21934,C21963,C21967,C21959,C00412,C00154,C00154,C21943,C21072,C21945,C16529,C16528,C02041,C00510,C00412,C16530,C16531,C16532,C21932,C21934,C21935,C21937,C21939,C21941,C02041,C21947,C16529,C16528,C21932,C21934,C21949,C21951,C21981,C17279,C17279,C17279,,,,,,,,,,,,,,,,,,,,,,,,,,,,,,,,,,,,,,,,,,,,,,,,,,,,,,,,,,,,,,,,,,,,,,,,,,,,,,,,,,,,,,,,,,,,,,,,,,,,,,,,,,,,,,,,,,,,,,,,,,,,,,,,,,,,,,,,,,,,,,,,,,,,,,,,,,,,,,,,,,,,,,,,,,,,,,,,,,,,,,,,,,,,,,,,,,,,,,,,,,,,,,,,,,,
eco01053,Biosynthesis of siderophore group nonribosomal peptides - Escherichia coli K-12 MG1655,C00885,C00251,C00805,C12037,C12038,C12216,C04171,C12220,C12221,C12219,C05821,C00196,C06769,C02637,C00230,C20884,C20883,C22004,C20885,C22069,C22273,C00315,C00158,C20952,,,,,,,,,,,,,,,,,,,,,,,,,,,,,,,,,,,,,,,,,,,,,,,,,,,,,,,,,,,,,,,,,,,,,,,,,,,,,,,,,,,,,,,,,,,,,,,,,,,,,,,,,,,,,,,,,,,,,,,,,,,,,,,,,,,,,,,,,,,,,,,,,,,,,,,,,,,,,,,,,,,,,,,,,,,,,,,,,,,,,,,,,,,,,,,,,,,,,,,,,,,,,,,,,,,,,,,,,,,,,,,,,,,,,,,,,,,,,,,,,,,,,,,,,,,,,,,,,,,,,,,,,,,,,,,,,,,,,,,,,,,,,,,,,,,,,,,,,,,,,,,,,,,,,
eco01100,Metabolic pathways - Escherichia coli K-12 MG1655,,,,,,,,,,,,,,,,,,,,,,,,,,,,,,,,,,,,,,,,,,,,,,,,,,,,,,,,,,,,,,,,,,,,,,,,,,,,,,,,,,,,,,,,,,,,,,,,,,,,,,,,,,,,,,,,,,,,,,,,,,,,,,,,,,,,,,,,,,,,,,,,,,,,,,,,,,,,,,,,,,,,,,,,,,,,,,,,,,,,,,,,,,,,,,,,,,,,,,,,,,,,,,,,,,,,,,,,,,,,,,,,,,,,,,,,,,,,,,,,,,,,,,,,,,,,,,,,,,,,,,,,,,,,,,,,,,,,,,,,,,,,,,,,,,,,,,,,,,,,,,,,,,,,,,,,,,,,,,,,,,,,,,,,,,,,,
eco01110,Biosynthesis of secondary metabolites - Escherichia coli K-12 MG1655,,,,,,,,,,,,,,,,,,,,,,,,,,,,,,,,,,,,,,,,,,,,,,,,,,,,,,,,,,,,,,,,,,,,,,,,,,,,,,,,,,,,,,,,,,,,,,,,,,,,,,,,,,,,,,,,,,,,,,,,,,,,,,,,,,,,,,,,,,,,,,,,,,,,,,,,,,,,,,,,,,,,,,,,,,,,,,,,,,,,,,,,,,,,,,,,,,,,,,,,,,,,,,,,,,,,,,,,,,,,,,,,,,,,,,,,,,,,,,,,,,,,,,,,,,,,,,,,,,,,,,,,,,,,,,,,,,,,,,,,,,,,,,,,,,,,,,,,,,,,,,,,,,,,,,,,,,,,,,,,,,,,,,,,,,,,,
eco01120,Microbial metabolism in diverse environments - Escherichia coli K-12 MG1655,,,,,,,,,,,,,,,,,,,,,,,,,,,,,,,,,,,,,,,,,,,,,,,,,,,,,,,,,,,,,,,,,,,,,,,,,,,,,,,,,,,,,,,,,,,,,,,,,,,,,,,,,,,,,,,,,,,,,,,,,,,,,,,,,,,,,,,,,,,,,,,,,,,,,,,,,,,,,,,,,,,,,,,,,,,,,,,,,,,,,,,,,,,,,,,,,,,,,,,,,,,,,,,,,,,,,,,,,,,,,,,,,,,,,,,,,,,,,,,,,,,,,,,,,,,,,,,,,,,,,,,,,,,,,,,,,,,,,,,,,,,,,,,,,,,,,,,,,,,,,,,,,,,,,,,,,,,,,,,,,,,,,,,,,,,,,
eco01200,Carbon metabolism - Escherichia coli K-12 MG1655,C00085,C01182,C00197,C00101,C00267,C00668,C00345,C00354,C01236,C00236,C00118,C00111,C00631,C00279,C00447,C05382,C00117,C00199,C00231,C06019,C00022,C00074,C00119,C00014,C01217,C00283,C01438,C00132,C00067,C00058,C00011,C01001,C03920,C00218,C00543,C00565,C04488,C04377,C04330,C01274,C00237,C00488,C00440,C00143,C00445,C00234,C00048,C00037,C03232,C01005,C00065,C00258,C00168,C00024,C05668,C00083,C01013,C00222,C01213,C00683,C00100,C00894,C01011,C06027,C06028,C18323,C00989,C00332,C01144,C00877,C11062,C00232,C00091,C00036,C00149,C00122,C00042,C04348,C00158,C00311,C00566,C00026,C00184,C00979,C00097,C04628,C04832,C03576,C00169,C04442,C00198,C00257,C00204,C00577,C00136,C00049,C00041,C00227,C00033,C03561,C18026,C20238,C18324,C00025,C03618,C01732,C00988,C00160,,,,,,,,,,,,,,,,,,,,,,,,,,,,,,,,,,,,,,,,,,,,,,,,,,,,,,,,,,,,,,,,,,,,,,,,,,,,,,,,,,,,,,,,,,,,,,,,,,,,,,,,,,,,,,,,,,,,,,,,,,,,,,,,,,,,,,,,,,,,,,,,,,,,,,,,,,,,,,,,,,,,,,,,,,,,,,,,,,,,,,,,,,,,,,,,,,,,,,,,,,,,,,,,,,,,,,,,,,,,,,,,,
eco01210,2-Oxocarboxylic acid metabolism - Escherichia coli K-12 MG1655,C17254,C17232,C17252,C17228,C17250,C17224,C08401,C17220,C08409,C17216,C08412,C00036,C00049,C03283,C00026,C00322,C00025,C00077,C00956,C00047,C00624,C00437,C19886,C19889,C00022,C00141,C00183,C00233,C00123,C00109,C00671,C00407,C01180,C00073,C17213,C17217,C17221,C17225,C17229,C17233,C00158,C00417,C00311,C05379,C01251,C04002,C05662,C05533,C03082,C00441,C04133,C01250,C19887,C19888,C06010,C04181,C04272,C02612,C02226,C06032,C06006,C14463,C06007,C17210,C17212,C17214,C17215,C17218,C17219,C17230,C17231,C17222,C17223,C17226,C17227,C08418,C03219,C17256,C17255,C08407,C19491,C00079,C02153,C19714,C17237,C03719,C01069,C17235,C08417,C17236,C00078,C05837,C02937,C16518,C16516,C16517,C00082,C08426,C04350,C17238,C17239,C17240,C17253,C17251,C17249,C17246,C17245,C17248,C17241,C17242,C17243,C17244,C00166,C20327,C02504,C02631,C04411,C04236,C16583,C20581,C16597,C16588,C16598,C20582,C16600,C16589,C17211,C01179,C20653,C20654,C20948,C20951,C20949,C20950,,,,,,,,,,,,,,,,,,,,,,,,,,,,,,,,,,,,,,,,,,,,,,,,,,,,,,,,,,,,,,,,,,,,,,,,,,,,,,,,,,,,,,,,,,,,,,,,,,,,,,,,,,,,,,,,,,,,,,,,,,,,,,,,,,,,,,,,,,,,,,,,,,,,,,,,,,,,,,,,,,,,,,,,,,,,,,,,,,,,,,,,,,,,,,,,,,,,,,,
eco01212,Fatty acid metabolism - Escherichia coli K-12 MG1655,C00024,C03939,C05744,C04618,C00083,C01209,C04246,C05745,C05746,C05747,C05748,C05749,C05750,C04620,C05751,C05752,C05753,C04619,C05754,C05755,C05756,C05757,C05758,C05223,C05759,C04688,C05760,C05761,C05762,C04633,C05763,C05764,C00249,C16219,C16220,C16221,C00412,C02041,C16528,C16529,C00136,C05269,C05268,C05271,C05270,C05267,C05266,C05276,C01944,C05265,C05264,C05275,C05274,C05263,C05262,C03221,C01832,C05261,C05260,C05273,C02593,C05259,C05258,C05272,C00154,C00510,C02050,C16162,C16163,C16530,C16531,C16532,C16180,C16645,C16179,C16164,C00024,C00332,C01144,C00877,C16165,C16166,C16167,C16169,C16168,C03035,C03595,C02249,C16170,C16171,C16173,C16172,C02990,C00154,C00024,C16374,C16375,C16376,C16387,C16388,C16389,C16216,C16217,C16218,C21932,C21934,C17279,C21935,C21937,C21939,C21941,C21949,C21953,C21951,C21959,C21961,C21965,C21963,C21967,C00383,C00229,,,,,,,,,,,,,,,,,,,,,,,,,,,,,,,,,,,,,,,,,,,,,,,,,,,,,,,,,,,,,,,,,,,,,,,,,,,,,,,,,,,,,,,,,,,,,,,,,,,,,,,,,,,,,,,,,,,,,,,,,,,,,,,,,,,,,,,,,,,,,,,,,,,,,,,,,,,,,,,,,,,,,,,,,,,,,,,,,,,,,,,,,,,,,,,,,,,,,,,,,,,,,,,,,,,,
eco01220,Degradation of aromatic compounds - Escherichia coli K-12 MG1655,C01455,C00261,C00556,C00180,C06321,C00090,C02364,C16479,C16473,C02371,C16480,C16473,C02359,C16481,C16472,C06337,C06318,C00230,C02480,C14610,C03586,C00846,C01163,C01278,C03586,C00846,C06730,C04112,C04558,C18311,C18312,C00090,C02501,C03453,C00596,C03589,C00022,C07478,C07479,C11354,C06762,C00022,C00479,C07212,C07214,C07213,C07215,C06756,C07208,C07216,C06757,C06758,C07209,C01454,C07211,C06729,C06730,C06731,C06720,C02923,C02923,C06760,C11354,C00058,C06575,C06577,C06576,C06578,C06579,C06580,C06581,C06582,C00596,C02632,C01407,C04091,C00090,C07085,C07087,C00682,C00596,C00596,C00058,C00511,C01455,C04592,C02923,C06210,C00596,C00033,C04793,C04844,C11354,C20199,C00423,C12622,C12623,C05629,C11588,C04044,C06588,C06589,C02526,C06584,C06585,C06586,C07111,C06727,C06728,C12624,C04479,C07123,C07733,C02501,C07734,C01273,C06587,C00596,C00596,C00596,C00596,C00596,C01407,C00090,C00146,C00042,C00122,C00180,C02370,C00163,C00090,C01455,C01542,C01468,C02923,C01467,C01438,C00132,C01455,C09818,C09820,C09819,C07111,C07113,C07118,C00024,C07114,C11348,C00512,C00091,C00146,C02949,C00156,C06749,C06714,C09821,C06322,C09811,C09812,C01063,C09813,C09816,C09817,C14098,C14117,C14119,C14118,C14120,C00091,C14115,C14116,C11272,C16483,C16473,C01606,C04783,C03233,C07083,C07084,C06990,C12837,C05618,C18300,C18301,C18302,C07092,C07093,C07094,C00180,C00230,C00587,C00423,C01197,C00811,C00423,C12623,C12621,C05629,C04044,C11457,C11929,C11934,C11936,C11935,C00854,C00414,C01880,C06103,C06102,C06104,C14143,C11397,C11398,C11404,C11405,C11407,C08060,C08061,C08062,C00596,C00108,C07729,C03569,C07731,C00596,C00805,C02519,C00156,C00230,C07088,C02124,C02375,C03664,C02625,C02933,C00642,C01161,C04642,C04052,C05600,C04186,C07097,C06329,C02222,C07096,C16248,C16249,C02222,C16247,C00829,C04314,C03012,C06204,C06203,C06202,C14082,C14083,C14084,C14085,C14086,C14087,C14088,C00090,C02923,C11422,C04468,C03164,C11425,C11426,C11427,C03203,C03012,C01467,C03067,C03351,C00587,C06677,C06679,C06678,C02236,C14082,C14090,C14089,C14091,C14098,C14099,C02909,C14101,C06594,C12832,C12831,C18236,C18238,C18240,C00156,C00540,C00323,C00223,C07732,C00805,C03063,C11402,C01606,C18314,C03223,C00024,C00084,C00100,C00682,C00058,C00596,C18315,C11006,C00090,C06813,C00090,C02357,C21390,C06142,C04596,C21859,C06644,C06645,C06646,C11353,,,,,,,,
eco01230,Biosynthesis of amino acids - Escherichia coli K-12 MG1655,C04390,C04002,C00118,C00111,C00236,C00197,C00631,C00074,C00022,C05378,C05345,C00231,C00199,C00117,C00119,C00279,C02612,C06032,C00109,C06010,C04272,C00141,C00183,C06006,C06007,C00671,C00407,C02504,C04411,C00233,C00123,C00188,C00065,C00037,C03232,C01005,C00979,C00097,C00049,C03082,C00441,C00263,C01118,C02291,C00155,C00073,C01102,C00036,C03283,C00158,C00311,C00026,C01251,C05662,C00322,C00025,C00956,C00624,C04133,C01250,C00437,C00077,C00327,C03406,C00062,C00169,C00011,C03287,C01165,C03912,C00148,C19886,C19887,C19888,C19889,C00047,C04076,C00449,C20258,C00041,C00064,C00152,C03972,C04462,C04421,C00666,C00680,C00047,C05539,C03871,C05382,C02739,C02741,C04896,C04916,C04666,C01267,C01100,C00860,C00135,C04691,C00944,C02637,C00493,C03175,C01269,C00251,C00254,C01179,C00082,C00166,C00079,C00108,C04302,C01302,C03506,C00078,C00826,C00014,C06019,C00019,C00021,C03539,C05824,C20948,C20949,C20950,C20951,C15532,,,,,,,,,,,,,,,,,,,,,,,,,,,,,,,,,,,,,,,,,,,,,,,,,,,,,,,,,,,,,,,,,,,,,,,,,,,,,,,,,,,,,,,,,,,,,,,,,,,,,,,,,,,,,,,,,,,,,,,,,,,,,,,,,,,,,,,,,,,,,,,,,,,,,,,,,,,,,,,,,,,,,,,,,,,,,,,,,,,,,,,,,,,,,,,,,,,,,,,,,,,,
eco01240,Biosynthesis of cofactors - Escherichia coli K-12 MG1655,C00118,C00197,C00074,C00022,C05345,C00117,C00199,C00119,C00065,C00097,C00049,C02291,C00073,C00036,C00158,C00311,C00026,C01251,C05662,C00322,C00025,C00064,C02637,C00493,C00251,C00254,C01179,C00082,C00078,C03373,C00130,C00044,C01304,C01268,C04454,C04732,C04332,C00255,C00061,C00016,C15556,C00199,C05840,C00153,C00253,C01185,C03722,C00857,C00003,C00006,C02700,C03227,C00328,C00632,C04409,C00141,C00183,C00966,C00864,C00522,C00099,C03492,C01134,C04352,C00010,C00882,C00097,C04895,C04874,C01300,C04807,C00921,C00415,C00101,C00504,C09332,C03541,C05925,C18239,C03684,C00272,C00568,C11355,C00251,C21310,C05924,C19848,C18237,C00234,C00445,C00143,C05927,C01217,C18802,C00430,C03741,C02987,C00931,C01051,C01024,C03263,C02191,C01079,C00032,C02463,C05778,C00748,C21835,C21284,C00037,C21510,C21511,C21512,C05777,C15672,C15670,C11538,C17401,C11539,C11540,C16242,C16243,C11542,C11543,C16244,C11545,C05773,C05772,C06406,C06407,C06416,C06320,C06319,C06408,C06399,C06503,C06504,C01847,C01352,C03114,C06506,C06507,C06508,C06509,C06510,C00194,C05775,C04778,C00853,C00019,C00544,C15882,C02483,C05427,C15883,C02477,C14151,C14152,C00885,C16519,C05817,C02730,C03160,C15547,C03657,C05847,C05427,C19847,C05819,C22039,C13309,C21084,C03313,C20265,C00828,C05849,C02059,C00156,C05848,C05807,C17551,C17554,C17559,C17552,C19858,C19859,C21860,C00390,C00668,C00275,C00636,C00096,C02280,C15926,C01825,C01115,C00103,C00029,C00167,C03033,C00191,C00800,C01040,C00072,C20954,C21068,C21069,C21070,C21621,C00483,C20926,C11536,C11537,C05528,C00593,C03576,C21971,C19154,C19153,C19152,C00876,C19155,C19156,C16583,C16597,C16588,C16598,C16600,C16589,C00024,C00083,C01209,C19673,C20372,C20373,C20374,C20375,C20376,C20377,C20378,C19846,C19845,C01092,C01037,C01909,C00120,C20683,C02656,C01063,C05752,C03794,C00020,C00002,C00008,C22159,C02972,C22160,C15973,C01944,C06423,C15972,C00169,C00438,C00337,C00295,C01103,C00119,C00105,C00015,C00075,C00063,C00112,C00021,C00279,C03393,C06054,C06055,C07335,C11638,C00627,C00018,C00314,C00250,C00118,C15810,C15813,C15814,C20246,C11437,C15809,C15812,C20247,C04556,C04752,C01081,C00068,C00378,C01279,C04294,C04327,C00037,C20264,C04628,C00669,C00051,C00127,C20784,C00003,C18910,C18911,C05665,C00750,C00064,C20562,C02953,C06313,C05770,C20772,C20773,C16999,C17010,C17017,C17018,C17570,C16695,C04145,C00399,C05847,C00341,C05432,C02094,C00376,C00473
eco01501,beta-Lactam resistance - Escherichia coli K-12 MG1655,C04702,C00039,D07746,C03438,,,,,,,,,,,,,,,,,,,,,,,,,,,,,,,,,,,,,,,,,,,,,,,,,,,,,,,,,,,,,,,,,,,,,,,,,,,,,,,,,,,,,,,,,,,,,,,,,,,,,,,,,,,,,,,,,,,,,,,,,,,,,,,,,,,,,,,,,,,,,,,,,,,,,,,,,,,,,,,,,,,,,,,,,,,,,,,,,,,,,,,,,,,,,,,,,,,,,,,,,,,,,,,,,,,,,,,,,,,,,,,,,,,,,,,,,,,,,,,,,,,,,,,,,,,,,,,,,,,,,,,,,,,,,,,,,,,,,,,,,,,,,,,,,,,,,,,,,,,,,,,,,,,,,,,,,,,,,,,,,,,,,,,,,
eco01502,Vancomycin resistance - Escherichia coli K-12 MG1655,C00022,C00256,C19694,C00041,C00133,C00993,C00041,C00133,C00993,C00065,C00740,C19719,C04702,C06432,C06689,C05892,C20869,C05892,C20873,C20875,C20874,C00043,C00256,C00043,C15820,C20880,C00037,C20882,C00043,C20881,C20886,C04702,C06432,C00256,,,,,,,,,,,,,,,,,,,,,,,,,,,,,,,,,,,,,,,,,,,,,,,,,,,,,,,,,,,,,,,,,,,,,,,,,,,,,,,,,,,,,,,,,,,,,,,,,,,,,,,,,,,,,,,,,,,,,,,,,,,,,,,,,,,,,,,,,,,,,,,,,,,,,,,,,,,,,,,,,,,,,,,,,,,,,,,,,,,,,,,,,,,,,,,,,,,,,,,,,,,,,,,,,,,,,,,,,,,,,,,,,,,,,,,,,,,,,,,,,,,,,,,,,,,,,,,,,,,,,,,,,,,,,,,,,,,,,,,,,,,,,,,,,,,,,,,,,,,
eco01503,Cationic antimicrobial peptide (CAMP) resistance - Escherichia coli K-12 MG1655,C20931,C00346,D07746,D08401,D02224,D08401,D02224,C00133,C00133,C00133,C00133,D07746,D07746,C00133,D08152,C20930,C16054,C18313,C18313,C18313,C18313,C18313,C18313,C20930,C20930,C20930,C18313,C19596,C00338,C00338,C00338,C06026,C06026,C06026,,,,,,,,,,,,,,,,,,,,,,,,,,,,,,,,,,,,,,,,,,,,,,,,,,,,,,,,,,,,,,,,,,,,,,,,,,,,,,,,,,,,,,,,,,,,,,,,,,,,,,,,,,,,,,,,,,,,,,,,,,,,,,,,,,,,,,,,,,,,,,,,,,,,,,,,,,,,,,,,,,,,,,,,,,,,,,,,,,,,,,,,,,,,,,,,,,,,,,,,,,,,,,,,,,,,,,,,,,,,,,,,,,,,,,,,,,,,,,,,,,,,,,,,,,,,,,,,,,,,,,,,,,,,,,,,,,,,,,,,,,,,,,,,,,,,,,,,,,,
eco02010,ABC transporters - Escherichia coli K-12 MG1655,C16421,C01684,C00095,C01487,C00181,C03619,C00259,C00140,C00185,C05402,C01083,C00031,C00794,C00243,C00047,C00049,C00064,C00062,C00491,C00025,C00151,C04137,C00025,C00062,C00135,C00315,C00183,C00208,C00121,C00089,C00333,C00291,C14818,C06232,C00175,C14819,C00038,C00753,C00098,C05776,C00855,C00245,C06232,C00059,C01153,C00009,C00093,C00719,C00719,C00378,C06767,C01834,C01330,C06706,C06707,C00338,C00032,C06705,C00134,C03557,C16692,C00034,C01667,C14818,C00038,C00338,C00288,C00041,C00086,C00107,C00051,C15521,C01606,C19609,C00244,C01279,C03611,C00107,C00120,C00120,C05349,C00491,C22040,C00062,C00047,C00503,C00379,C00137,C01177,C02273,C01674,C20570,C00031,C01083,C01674,C20573,C00116,C01630,C01946,C00865,C01667,C13768,C01667,C00034,C00034,C06705,C00062,C01157,C00047,C06227,C06230,C06229,C00255,C21066,C00212,,,,,,,,,,,,,,,,,,,,,,,,,,,,,,,,,,,,,,,,,,,,,,,,,,,,,,,,,,,,,,,,,,,,,,,,,,,,,,,,,,,,,,,,,,,,,,,,,,,,,,,,,,,,,,,,,,,,,,,,,,,,,,,,,,,,,,,,,,,,,,,,,,,,,,,,,,,,,,,,,,,,,,,,,,,,,,,,,,,,,,,,,,,,,,,,,,,,,,,,,,,,,,,,,,,,,,,,,,
eco02020,Two-component system - Escherichia coli K-12 MG1655,C00164,C00038,C00244,C00031,C11612,C00007,C00697,C00092,C00007,C01104,C00070,C14819,C00238,C00305,C00009,C00158,C00305,C00007,C00291,C00009,C00042,C16463,C00034,C01667,C01667,C00122,C00042,C00064,C00149,C00042,C02084,C16463,C16665,C16463,C00547,C00238,C00399,C00547,C00007,C16640,C16421,C11842,C00025,D07746,C16463,C13768,C01667,C06230,C11849,C05757,C00282,C21221,C21245,C21220,C01019,,,,,,,,,,,,,,,,,,,,,,,,,,,,,,,,,,,,,,,,,,,,,,,,,,,,,,,,,,,,,,,,,,,,,,,,,,,,,,,,,,,,,,,,,,,,,,,,,,,,,,,,,,,,,,,,,,,,,,,,,,,,,,,,,,,,,,,,,,,,,,,,,,,,,,,,,,,,,,,,,,,,,,,,,,,,,,,,,,,,,,,,,,,,,,,,,,,,,,,,,,,,,,,,,,,,,,,,,,,,,,,,,,,,,,,,,,,,,,,,,,,,,,,,,,,,,,,,,,,,,,,,,,,,,,,,,,,,,,
eco02024,Quorum sensing - Escherichia coli K-12 MG1655,C16640,C16421,C21195,C18049,C21220,C21246,C21229,C21221,C21230,C21197,C11841,C18049,C21198,C00788,C21223,C11845,C21197,C21197,C21202,C18206,C16463,C21199,C11841,C00334,C21199,C21197,C20677,C21197,C21198,C21245,C00007,C21224,C21225,C21226,C21227,C21228,C21239,C21238,C16463,C21201,C11837,C20643,C11848,C11841,C01019,C00059,C00009,C00232,C21244,C21232,C21382,C20959,,,,,,,,,,,,,,,,,,,,,,,,,,,,,,,,,,,,,,,,,,,,,,,,,,,,,,,,,,,,,,,,,,,,,,,,,,,,,,,,,,,,,,,,,,,,,,,,,,,,,,,,,,,,,,,,,,,,,,,,,,,,,,,,,,,,,,,,,,,,,,,,,,,,,,,,,,,,,,,,,,,,,,,,,,,,,,,,,,,,,,,,,,,,,,,,,,,,,,,,,,,,,,,,,,,,,,,,,,,,,,,,,,,,,,,,,,,,,,,,,,,,,,,,,,,,,,,,,,,,,,,,,,,,,,,,,,,,,,,,,
eco02026,Biofilm formation - Escherichia coli - Escherichia coli K-12 MG1655,C04494,C00575,C16463,C16463,C21382,C04494,C00575,C00037,,,,,,,,,,,,,,,,,,,,,,,,,,,,,,,,,,,,,,,,,,,,,,,,,,,,,,,,,,,,,,,,,,,,,,,,,,,,,,,,,,,,,,,,,,,,,,,,,,,,,,,,,,,,,,,,,,,,,,,,,,,,,,,,,,,,,,,,,,,,,,,,,,,,,,,,,,,,,,,,,,,,,,,,,,,,,,,,,,,,,,,,,,,,,,,,,,,,,,,,,,,,,,,,,,,,,,,,,,,,,,,,,,,,,,,,,,,,,,,,,,,,,,,,,,,,,,,,,,,,,,,,,,,,,,,,,,,,,,,,,,,,,,,,,,,,,,,,,,,,,,,,,,,,,,,,,,,,,,,,,,,,,
eco02030,Bacterial chemotaxis - Escherichia coli K-12 MG1655,C00716,C00049,C00208,C00121,C00124,C00107,,,,,,,,,,,,,,,,,,,,,,,,,,,,,,,,,,,,,,,,,,,,,,,,,,,,,,,,,,,,,,,,,,,,,,,,,,,,,,,,,,,,,,,,,,,,,,,,,,,,,,,,,,,,,,,,,,,,,,,,,,,,,,,,,,,,,,,,,,,,,,,,,,,,,,,,,,,,,,,,,,,,,,,,,,,,,,,,,,,,,,,,,,,,,,,,,,,,,,,,,,,,,,,,,,,,,,,,,,,,,,,,,,,,,,,,,,,,,,,,,,,,,,,,,,,,,,,,,,,,,,,,,,,,,,,,,,,,,,,,,,,,,,,,,,,,,,,,,,,,,,,,,,,,,,,,,,,,,,,,,,,,,,,
eco02040,Flagellar assembly - Escherichia coli K-12 MG1655,,,,,,,,,,,,,,,,,,,,,,,,,,,,,,,,,,,,,,,,,,,,,,,,,,,,,,,,,,,,,,,,,,,,,,,,,,,,,,,,,,,,,,,,,,,,,,,,,,,,,,,,,,,,,,,,,,,,,,,,,,,,,,,,,,,,,,,,,,,,,,,,,,,,,,,,,,,,,,,,,,,,,,,,,,,,,,,,,,,,,,,,,,,,,,,,,,,,,,,,,,,,,,,,,,,,,,,,,,,,,,,,,,,,,,,,,,,,,,,,,,,,,,,,,,,,,,,,,,,,,,,,,,,,,,,,,,,,,,,,,,,,,,,,,,,,,,,,,,,,,,,,,,,,,,,,,,,,,,,,,,,,,,,,,,,,,
eco02060,Phosphotransferase system (PTS) - Escherichia coli K-12 MG1655,C06377,C11544,C01083,C06186,C00689,C06187,C06376,C00208,C02995,C00092,C00031,C00357,C00140,C16688,C00089,C02995,C00208,C06187,C06186,C02713,C16698,C00352,C00329,C00022,C00074,C06311,C01697,C16186,C00072,C01096,C00794,C05396,C00243,C00185,C02262,C01132,C02888,C01452,C00275,C00159,C01094,C00095,C00644,C00392,C16699,C01094,C00095,C00022,C00074,C00697,C00022,C00074,C20589,C03752,C16489,C16488,C00208,C02995,C01113,C00124,C04534,C00092,C00031,C05378,,,,,,,,,,,,,,,,,,,,,,,,,,,,,,,,,,,,,,,,,,,,,,,,,,,,,,,,,,,,,,,,,,,,,,,,,,,,,,,,,,,,,,,,,,,,,,,,,,,,,,,,,,,,,,,,,,,,,,,,,,,,,,,,,,,,,,,,,,,,,,,,,,,,,,,,,,,,,,,,,,,,,,,,,,,,,,,,,,,,,,,,,,,,,,,,,,,,,,,,,,,,,,,,,,,,,,,,,,,,,,,,,,,,,,,,,,,,,,,,,,,,,,,,,,,,,,,,,,,,,,,,,,,,,
eco03010,Ribosome - Escherichia coli K-12 MG1655,,,,,,,,,,,,,,,,,,,,,,,,,,,,,,,,,,,,,,,,,,,,,,,,,,,,,,,,,,,,,,,,,,,,,,,,,,,,,,,,,,,,,,,,,,,,,,,,,,,,,,,,,,,,,,,,,,,,,,,,,,,,,,,,,,,,,,,,,,,,,,,,,,,,,,,,,,,,,,,,,,,,,,,,,,,,,,,,,,,,,,,,,,,,,,,,,,,,,,,,,,,,,,,,,,,,,,,,,,,,,,,,,,,,,,,,,,,,,,,,,,,,,,,,,,,,,,,,,,,,,,,,,,,,,,,,,,,,,,,,,,,,,,,,,,,,,,,,,,,,,,,,,,,,,,,,,,,,,,,,,,,,,,,,,,,,,
eco03018,RNA degradation - Escherichia coli K-12 MG1655,,,,,,,,,,,,,,,,,,,,,,,,,,,,,,,,,,,,,,,,,,,,,,,,,,,,,,,,,,,,,,,,,,,,,,,,,,,,,,,,,,,,,,,,,,,,,,,,,,,,,,,,,,,,,,,,,,,,,,,,,,,,,,,,,,,,,,,,,,,,,,,,,,,,,,,,,,,,,,,,,,,,,,,,,,,,,,,,,,,,,,,,,,,,,,,,,,,,,,,,,,,,,,,,,,,,,,,,,,,,,,,,,,,,,,,,,,,,,,,,,,,,,,,,,,,,,,,,,,,,,,,,,,,,,,,,,,,,,,,,,,,,,,,,,,,,,,,,,,,,,,,,,,,,,,,,,,,,,,,,,,,,,,,,,,,,,
eco03020,RNA polymerase - Escherichia coli K-12 MG1655,,,,,,,,,,,,,,,,,,,,,,,,,,,,,,,,,,,,,,,,,,,,,,,,,,,,,,,,,,,,,,,,,,,,,,,,,,,,,,,,,,,,,,,,,,,,,,,,,,,,,,,,,,,,,,,,,,,,,,,,,,,,,,,,,,,,,,,,,,,,,,,,,,,,,,,,,,,,,,,,,,,,,,,,,,,,,,,,,,,,,,,,,,,,,,,,,,,,,,,,,,,,,,,,,,,,,,,,,,,,,,,,,,,,,,,,,,,,,,,,,,,,,,,,,,,,,,,,,,,,,,,,,,,,,,,,,,,,,,,,,,,,,,,,,,,,,,,,,,,,,,,,,,,,,,,,,,,,,,,,,,,,,,,,,,,,,
eco03030,DNA replication - Escherichia coli K-12 MG1655,,,,,,,,,,,,,,,,,,,,,,,,,,,,,,,,,,,,,,,,,,,,,,,,,,,,,,,,,,,,,,,,,,,,,,,,,,,,,,,,,,,,,,,,,,,,,,,,,,,,,,,,,,,,,,,,,,,,,,,,,,,,,,,,,,,,,,,,,,,,,,,,,,,,,,,,,,,,,,,,,,,,,,,,,,,,,,,,,,,,,,,,,,,,,,,,,,,,,,,,,,,,,,,,,,,,,,,,,,,,,,,,,,,,,,,,,,,,,,,,,,,,,,,,,,,,,,,,,,,,,,,,,,,,,,,,,,,,,,,,,,,,,,,,,,,,,,,,,,,,,,,,,,,,,,,,,,,,,,,,,,,,,,,,,,,,,
eco03060,Protein export - Escherichia coli K-12 MG1655,,,,,,,,,,,,,,,,,,,,,,,,,,,,,,,,,,,,,,,,,,,,,,,,,,,,,,,,,,,,,,,,,,,,,,,,,,,,,,,,,,,,,,,,,,,,,,,,,,,,,,,,,,,,,,,,,,,,,,,,,,,,,,,,,,,,,,,,,,,,,,,,,,,,,,,,,,,,,,,,,,,,,,,,,,,,,,,,,,,,,,,,,,,,,,,,,,,,,,,,,,,,,,,,,,,,,,,,,,,,,,,,,,,,,,,,,,,,,,,,,,,,,,,,,,,,,,,,,,,,,,,,,,,,,,,,,,,,,,,,,,,,,,,,,,,,,,,,,,,,,,,,,,,,,,,,,,,,,,,,,,,,,,,,,,,,,
eco03070,Bacterial secretion system - Escherichia coli K-12 MG1655,C00002,C00002,C00002,C00002,C00002,C00002,C00002,C00002,,,,,,,,,,,,,,,,,,,,,,,,,,,,,,,,,,,,,,,,,,,,,,,,,,,,,,,,,,,,,,,,,,,,,,,,,,,,,,,,,,,,,,,,,,,,,,,,,,,,,,,,,,,,,,,,,,,,,,,,,,,,,,,,,,,,,,,,,,,,,,,,,,,,,,,,,,,,,,,,,,,,,,,,,,,,,,,,,,,,,,,,,,,,,,,,,,,,,,,,,,,,,,,,,,,,,,,,,,,,,,,,,,,,,,,,,,,,,,,,,,,,,,,,,,,,,,,,,,,,,,,,,,,,,,,,,,,,,,,,,,,,,,,,,,,,,,,,,,,,,,,,,,,,,,,,,,,,,,,,,,,,,
eco03410,Base excision repair - Escherichia coli K-12 MG1655,,,,,,,,,,,,,,,,,,,,,,,,,,,,,,,,,,,,,,,,,,,,,,,,,,,,,,,,,,,,,,,,,,,,,,,,,,,,,,,,,,,,,,,,,,,,,,,,,,,,,,,,,,,,,,,,,,,,,,,,,,,,,,,,,,,,,,,,,,,,,,,,,,,,,,,,,,,,,,,,,,,,,,,,,,,,,,,,,,,,,,,,,,,,,,,,,,,,,,,,,,,,,,,,,,,,,,,,,,,,,,,,,,,,,,,,,,,,,,,,,,,,,,,,,,,,,,,,,,,,,,,,,,,,,,,,,,,,,,,,,,,,,,,,,,,,,,,,,,,,,,,,,,,,,,,,,,,,,,,,,,,,,,,,,,,,,
eco03420,Nucleotide excision repair - Escherichia coli K-12 MG1655,,,,,,,,,,,,,,,,,,,,,,,,,,,,,,,,,,,,,,,,,,,,,,,,,,,,,,,,,,,,,,,,,,,,,,,,,,,,,,,,,,,,,,,,,,,,,,,,,,,,,,,,,,,,,,,,,,,,,,,,,,,,,,,,,,,,,,,,,,,,,,,,,,,,,,,,,,,,,,,,,,,,,,,,,,,,,,,,,,,,,,,,,,,,,,,,,,,,,,,,,,,,,,,,,,,,,,,,,,,,,,,,,,,,,,,,,,,,,,,,,,,,,,,,,,,,,,,,,,,,,,,,,,,,,,,,,,,,,,,,,,,,,,,,,,,,,,,,,,,,,,,,,,,,,,,,,,,,,,,,,,,,,,,,,,,,,
eco03430,Mismatch repair - Escherichia coli K-12 MG1655,,,,,,,,,,,,,,,,,,,,,,,,,,,,,,,,,,,,,,,,,,,,,,,,,,,,,,,,,,,,,,,,,,,,,,,,,,,,,,,,,,,,,,,,,,,,,,,,,,,,,,,,,,,,,,,,,,,,,,,,,,,,,,,,,,,,,,,,,,,,,,,,,,,,,,,,,,,,,,,,,,,,,,,,,,,,,,,,,,,,,,,,,,,,,,,,,,,,,,,,,,,,,,,,,,,,,,,,,,,,,,,,,,,,,,,,,,,,,,,,,,,,,,,,,,,,,,,,,,,,,,,,,,,,,,,,,,,,,,,,,,,,,,,,,,,,,,,,,,,,,,,,,,,,,,,,,,,,,,,,,,,,,,,,,,,,,
eco03440,Homologous recombination - Escherichia coli K-12 MG1655,,,,,,,,,,,,,,,,,,,,,,,,,,,,,,,,,,,,,,,,,,,,,,,,,,,,,,,,,,,,,,,,,,,,,,,,,,,,,,,,,,,,,,,,,,,,,,,,,,,,,,,,,,,,,,,,,,,,,,,,,,,,,,,,,,,,,,,,,,,,,,,,,,,,,,,,,,,,,,,,,,,,,,,,,,,,,,,,,,,,,,,,,,,,,,,,,,,,,,,,,,,,,,,,,,,,,,,,,,,,,,,,,,,,,,,,,,,,,,,,,,,,,,,,,,,,,,,,,,,,,,,,,,,,,,,,,,,,,,,,,,,,,,,,,,,,,,,,,,,,,,,,,,,,,,,,,,,,,,,,,,,,,,,,,,,,,
eco04122,Sulfur relay system - Escherichia coli K-12 MG1655,C00097,C00041,C00868,C17322,C00868,C17322,C00378,C05924,C18239,C00044,C00019,C18237,C05924,C18239,C00044,C00019,C18237,C00097,C00041,C00097,C00979,,,,,,,,,,,,,,,,,,,,,,,,,,,,,,,,,,,,,,,,,,,,,,,,,,,,,,,,,,,,,,,,,,,,,,,,,,,,,,,,,,,,,,,,,,,,,,,,,,,,,,,,,,,,,,,,,,,,,,,,,,,,,,,,,,,,,,,,,,,,,,,,,,,,,,,,,,,,,,,,,,,,,,,,,,,,,,,,,,,,,,,,,,,,,,,,,,,,,,,,,,,,,,,,,,,,,,,,,,,,,,,,,,,,,,,,,,,,,,,,,,,,,,,,,,,,,,,,,,,,,,,,,,,,,,,,,,,,,,,,,,,,,,,,,,,,,,,,,,,,,,,,,,,,,,,,
